2026-05-25 18:56:28,737 - INFO - ACT triggered
2026-05-25 18:56:28,737 - INFO - Submit_2 triggered
2026-05-25 18:56:28,737 - INFO - UI triggered
2026-05-25 18:58:20,675 - INFO - calculate_alternate_value_1 started
2026-05-25 18:58:20,676 - WARNING - [SKIP] DataFrame 'df_r_and_d' is empty – cells \u2192 =0
2026-05-25 18:58:20,677 - WARNING - [SKIP] DataFrame 'df_P_L_MCCP' is empty – cells \u2192 =0
2026-05-25 18:58:20,677 - WARNING - [SKIP] DataFrame 'df_high_variance_feuil' is empty – cells \u2192 =0
2026-05-25 18:58:20,678 - WARNING - [SKIP] DataFrame 'df_Relief_KD' is empty – cells \u2192 =0
2026-05-25 18:58:20,678 - WARNING - [SKIP] DataFrame 'df_itp' is empty – cells \u2192 =0
2026-05-25 18:58:20,679 - WARNING - [SKIP] File 'Relief KD file' path is empty – formulas \u2192 =0
2026-05-25 18:58:20,680 - INFO - Step 1: resolving column indices
2026-05-25 18:58:20,688 - INFO - Step 2: resolving row indices
2026-05-25 18:58:23,126 - WARNING - find_fmi_row_nv(df_P_L_ROP_NE): Required label 'nissan nv' not found in first 3 columns.
2026-05-25 18:58:23,130 - WARNING - find_fmi_row_uc(df_P_L_ROP_NE): Required label 'uc nissan' not found in first 3 columns.
2026-05-25 18:58:23,132 - WARNING - find_fmi_row_as(df_P_L_ROP_NE): Required label 'as nissan' not found in first 3 columns.
2026-05-25 18:58:23,138 - WARNING - find_fmi_row_export(df_P_L_ROP_NE): Required label 'nissan export' not found in first 3 columns.
2026-05-25 18:58:23,825 - WARNING - find_financial_indices(df_P_L_ROP_NE): 'g&a' not found in first 3 columns.
2026-05-25 18:58:23,827 - WARNING - find_oem_terms(df_P_L_ROP_NE): 'oem' not found in first 3 columns.
2026-05-25 18:58:23,828 - WARNING - find_ocs_terms(df_P_L_ROP_NE): 'ocs' not found in first 3 columns.
2026-05-25 18:58:23,978 - WARNING - find_transfer_price_adjustment(df_hQ_items): 'DataFrame' object has no attribute 'applymap'
2026-05-25 18:58:23,979 - WARNING - tax_and_public(df_P_L_HQ): 'DataFrame' object has no attribute 'applymap'
2026-05-25 18:58:23,981 - WARNING - operating_profit(df_P_L_HQ): 'DataFrame' object has no attribute 'applymap'
2026-05-25 18:58:24,401 - WARNING - _int(): could not convert 'Not found' to int – using 0
2026-05-25 18:58:24,402 - WARNING - _int(): could not convert 'Not found' to int – using 0
2026-05-25 18:58:24,403 - WARNING - _int(): could not convert 'Not found' to int – using 0
2026-05-25 18:58:24,403 - WARNING - _int(): could not convert 'Not found' to int – using 0
2026-05-25 18:58:24,404 - WARNING - _int(): could not convert 'Not found' to int – using 0
2026-05-25 18:58:24,405 - WARNING - _int(): could not convert 'Not found' to int – using 0
2026-05-25 18:58:24,405 - WARNING - _int(): could not convert 'Not found' to int – using 0
2026-05-25 18:58:24,406 - WARNING - _int(): could not convert 'Not found' to int – using 0
2026-05-25 18:58:24,407 - WARNING - _int(): could not convert 'Not found' to int – using 0
2026-05-25 18:58:24,407 - WARNING - _int(): could not convert 'Not found' to int – using 0
2026-05-25 18:58:24,408 - WARNING - _int(): could not convert 'Not found' to int – using 0
2026-05-25 18:58:24,417 - WARNING - energy_tgk_68(df_hQ_items): 'DataFrame' object has no attribute 'applymap'
2026-05-25 18:58:24,417 - INFO - Step 3: building formula strings
2026-05-25 19:02:07,413 - INFO - Step 4: building cell update tables
2026-05-25 19:02:07,415 - INFO - Step 5: writing output file
2026-05-25 19:03:29,867 - INFO - P&L output written \u2192 C:/Users/NE72649/Desktop/Output_folder\FY25 P&L Summary April_output_FY2026-27.xlsx  (309.2s)
2026-05-25 19:03:29,868 - INFO - Z-Audit report written \u2192 C:/Users/NE72649/Desktop/Output_folder\zero_population_audit_20260525_185820.txt  (147 zero events)
2026-05-25 19:03:29,869 - INFO - Z-Audit report \u2192 C:/Users/NE72649/Desktop/Output_folder\zero_population_audit_20260525_185820.txt
2026-05-25 19:03:29,869 - INFO - Step 6: calling ACT
2026-05-25 19:03:29,869 - INFO - ACT started
2026-05-25 19:03:29,869 - INFO - ACT Step 1: resolving column indices
2026-05-25 19:03:31,396 - INFO - ACT Step 2: OSP lookups
2026-05-25 19:03:31,401 - INFO - ACT Step 3: HFM Managerial re-read
2026-05-25 19:03:31,401 - WARNING - find_values_pandas_HFM: 'DataFrame' object has no attribute 'applymap'
2026-05-25 19:03:41,696 - INFO - HMF Managerial re-read OK
2026-05-25 19:03:41,697 - INFO - ACT Step 4: building HFM formula block
2026-05-25 19:03:44,077 - INFO - ACT Step 5: goodwill row extraction
2026-05-25 19:03:44,091 - INFO - Goodwill f1=='[C:/Users/NE72649/Desktop/Test Folder/Goodwill CALCULATION FILE.xlsx]GW Budget'!C2
2026-05-25 19:03:44,092 - INFO - ACT Step 6: relief row extraction
2026-05-25 19:03:44,734 - INFO - ACT Step 7: CFMI row extraction
2026-05-25 19:03:44,737 - INFO - ACT Step 8: building formulas
2026-05-25 19:03:54,257 - INFO - ACT Step 9: writing KPI output file
2026-05-25 19:03:57,662 - INFO - ACT KPI output written \u2192 C:/Users/NE72649/Desktop/Output_folder\NEW_KPI_P&L_April_output_FY2026-27.xlsx
2026-05-25 19:03:57,663 - INFO - ACT Step 10: writing Goodwill output file
2026-05-25 19:03:57,973 - INFO - ACT Goodwill output written
2026-05-25 19:03:57,974 - INFO - ACT completed
2026-05-25 20:48:39,720 - INFO - ACT triggered
2026-05-25 20:48:39,721 - INFO - Submit_2 triggered
2026-05-25 20:48:39,721 - INFO - UI triggered
2026-05-25 20:50:55,933 - INFO - calculate_alternate_value_1 started
2026-05-25 20:50:55,934 - WARNING - [SKIP] DataFrame 'df_r_and_d' is empty – cells \u2192 =0
2026-05-25 20:50:55,935 - WARNING - [SKIP] DataFrame 'df_P_L_MCCP' is empty – cells \u2192 =0
2026-05-25 20:50:55,935 - WARNING - [SKIP] DataFrame 'df_high_variance_feuil' is empty – cells \u2192 =0
2026-05-25 20:50:55,936 - WARNING - [SKIP] DataFrame 'df_Relief_KD' is empty – cells \u2192 =0
2026-05-25 20:50:55,936 - WARNING - [SKIP] DataFrame 'df_itp' is empty – cells \u2192 =0
2026-05-25 20:50:55,937 - WARNING - [SKIP] File 'Relief KD file' path is empty – formulas \u2192 =0
2026-05-25 20:50:55,938 - INFO - Step 1: resolving column indices
2026-05-25 20:50:55,946 - INFO - Step 2: resolving row indices
2026-05-25 20:50:58,224 - WARNING - find_fmi_row_nv(df_P_L_ROP_NE): Required label 'nissan nv' not found in first 3 columns.
2026-05-25 20:50:58,226 - WARNING - find_fmi_row_uc(df_P_L_ROP_NE): Required label 'uc nissan' not found in first 3 columns.
2026-05-25 20:50:58,228 - WARNING - find_fmi_row_as(df_P_L_ROP_NE): Required label 'as nissan' not found in first 3 columns.
2026-05-25 20:50:58,229 - WARNING - find_fmi_row_export(df_P_L_ROP_NE): Required label 'nissan export' not found in first 3 columns.
2026-05-25 20:50:58,912 - WARNING - find_financial_indices(df_P_L_ROP_NE): 'g&a' not found in first 3 columns.
2026-05-25 20:50:58,914 - WARNING - find_oem_terms(df_P_L_ROP_NE): 'oem' not found in first 3 columns.
2026-05-25 20:50:58,915 - WARNING - find_ocs_terms(df_P_L_ROP_NE): 'ocs' not found in first 3 columns.
2026-05-25 20:50:59,065 - WARNING - find_transfer_price_adjustment(df_hQ_items): 'DataFrame' object has no attribute 'applymap'
2026-05-25 20:50:59,066 - WARNING - tax_and_public(df_P_L_HQ): 'DataFrame' object has no attribute 'applymap'
2026-05-25 20:50:59,066 - WARNING - operating_profit(df_P_L_HQ): 'DataFrame' object has no attribute 'applymap'
2026-05-25 20:50:59,469 - WARNING - _int(): could not convert 'Not found' to int – using 0
2026-05-25 20:50:59,470 - WARNING - _int(): could not convert 'Not found' to int – using 0
2026-05-25 20:50:59,470 - WARNING - _int(): could not convert 'Not found' to int – using 0
2026-05-25 20:50:59,471 - WARNING - _int(): could not convert 'Not found' to int – using 0
2026-05-25 20:50:59,471 - WARNING - _int(): could not convert 'Not found' to int – using 0
2026-05-25 20:50:59,472 - WARNING - _int(): could not convert 'Not found' to int – using 0
2026-05-25 20:50:59,472 - WARNING - _int(): could not convert 'Not found' to int – using 0
2026-05-25 20:50:59,473 - WARNING - _int(): could not convert 'Not found' to int – using 0
2026-05-25 20:50:59,473 - WARNING - _int(): could not convert 'Not found' to int – using 0
2026-05-25 20:50:59,474 - WARNING - _int(): could not convert 'Not found' to int – using 0
2026-05-25 20:50:59,474 - WARNING - _int(): could not convert 'Not found' to int – using 0
2026-05-25 20:50:59,483 - WARNING - energy_tgk_68(df_hQ_items): 'DataFrame' object has no attribute 'applymap'
2026-05-25 20:50:59,483 - INFO - Step 3: building formula strings
2026-05-25 20:54:40,568 - INFO - Step 4: building cell update tables
2026-05-25 20:54:40,569 - INFO - Step 5: writing output file
2026-05-25 20:56:03,041 - INFO - P&L output written \u2192 C:/Users/NE72649/Desktop/Output_folder\FY25 P&L Summary April_output_FY2026-27.xlsx  (307.1s)
2026-05-25 20:56:03,043 - INFO - Z-Audit report written \u2192 C:/Users/NE72649/Desktop/Output_folder\zero_population_audit_20260525_205055.txt  (147 zero events)
2026-05-25 20:56:03,043 - INFO - Z-Audit report \u2192 C:/Users/NE72649/Desktop/Output_folder\zero_population_audit_20260525_205055.txt
2026-05-25 20:56:03,044 - INFO - Step 6: calling ACT
2026-05-25 20:56:03,044 - INFO - ACT started
2026-05-25 20:56:03,044 - INFO - ACT Step 1: resolving column indices
2026-05-25 20:56:04,403 - INFO - ACT Step 2: OSP lookups
2026-05-25 20:56:04,407 - INFO - ACT Step 3: HFM Managerial re-read
2026-05-25 20:56:04,407 - WARNING - find_values_pandas_HFM: 'DataFrame' object has no attribute 'applymap'
2026-05-25 20:56:13,837 - INFO - HMF Managerial re-read OK
2026-05-25 20:56:13,837 - INFO - ACT Step 4: building HFM formula block
2026-05-25 20:56:16,133 - INFO - ACT Step 5: goodwill row extraction
2026-05-25 20:56:16,146 - INFO - Goodwill f1=='[C:/Users/NE72649/Desktop/Test Folder/Goodwill CALCULATION FILE.xlsx]GW Budget'!C2
2026-05-25 20:56:16,147 - INFO - ACT Step 6: relief row extraction
2026-05-25 20:56:16,639 - INFO - ACT Step 7: CFMI row extraction
2026-05-25 20:56:16,641 - INFO - ACT Step 8: building formulas
2026-05-25 20:56:26,072 - INFO - ACT Step 9: writing KPI output file
2026-05-25 20:56:29,483 - INFO - ACT KPI output written \u2192 C:/Users/NE72649/Desktop/Output_folder\NEW_KPI_P&L_April_output_FY2026-27.xlsx
2026-05-25 20:56:29,484 - INFO - ACT Step 10: writing Goodwill output file
2026-05-25 20:56:29,811 - INFO - ACT Goodwill output written
2026-05-25 20:56:29,812 - INFO - ACT completed
2026-05-25 21:07:50,862 - INFO - ACT triggered
2026-05-25 21:07:50,862 - INFO - Submit_2 triggered
2026-05-25 21:07:50,863 - INFO - UI triggered
2026-05-25 21:09:47,904 - INFO - calculate_alternate_value_1 started
2026-05-25 21:09:47,905 - WARNING - [SKIP] DataFrame 'df_r_and_d' is empty – cells \u2192 =0
2026-05-25 21:09:47,906 - WARNING - [SKIP] DataFrame 'df_P_L_MCCP' is empty – cells \u2192 =0
2026-05-25 21:09:47,906 - WARNING - [SKIP] DataFrame 'df_high_variance_feuil' is empty – cells \u2192 =0
2026-05-25 21:09:47,907 - WARNING - [SKIP] DataFrame 'df_Relief_KD' is empty – cells \u2192 =0
2026-05-25 21:09:47,907 - WARNING - [SKIP] DataFrame 'df_itp' is empty – cells \u2192 =0
2026-05-25 21:09:47,908 - WARNING - [SKIP] File 'Relief KD file' path is empty – formulas \u2192 =0
2026-05-25 21:09:47,909 - INFO - Step 1: resolving column indices
2026-05-25 21:09:47,917 - INFO - Step 2: resolving row indices
2026-05-25 21:09:50,166 - WARNING - find_fmi_row_nv(df_P_L_ROP_NE): Required label 'nissan nv' not found in first 3 columns.
2026-05-25 21:09:50,167 - WARNING - find_fmi_row_uc(df_P_L_ROP_NE): Required label 'uc nissan' not found in first 3 columns.
2026-05-25 21:09:50,169 - WARNING - find_fmi_row_as(df_P_L_ROP_NE): Required label 'as nissan' not found in first 3 columns.
2026-05-25 21:09:50,170 - WARNING - find_fmi_row_export(df_P_L_ROP_NE): Required label 'nissan export' not found in first 3 columns.
2026-05-25 21:09:50,842 - WARNING - find_financial_indices(df_P_L_ROP_NE): 'g&a' not found in first 3 columns.
2026-05-25 21:09:50,844 - WARNING - find_oem_terms(df_P_L_ROP_NE): 'oem' not found in first 3 columns.
2026-05-25 21:09:50,845 - WARNING - find_ocs_terms(df_P_L_ROP_NE): 'ocs' not found in first 3 columns.
2026-05-25 21:09:50,996 - WARNING - find_transfer_price_adjustment(df_hQ_items): 'DataFrame' object has no attribute 'applymap'
2026-05-25 21:09:50,997 - WARNING - tax_and_public(df_P_L_HQ): 'DataFrame' object has no attribute 'applymap'
2026-05-25 21:09:50,998 - WARNING - operating_profit(df_P_L_HQ): 'DataFrame' object has no attribute 'applymap'
2026-05-25 21:09:51,399 - WARNING - _int(): could not convert 'Not found' to int – using 0
2026-05-25 21:09:51,400 - WARNING - _int(): could not convert 'Not found' to int – using 0
2026-05-25 21:09:51,401 - WARNING - _int(): could not convert 'Not found' to int – using 0
2026-05-25 21:09:51,401 - WARNING - _int(): could not convert 'Not found' to int – using 0
2026-05-25 21:09:51,402 - WARNING - _int(): could not convert 'Not found' to int – using 0
2026-05-25 21:09:51,402 - WARNING - _int(): could not convert 'Not found' to int – using 0
2026-05-25 21:09:51,403 - WARNING - _int(): could not convert 'Not found' to int – using 0
2026-05-25 21:09:51,403 - WARNING - _int(): could not convert 'Not found' to int – using 0
2026-05-25 21:09:51,404 - WARNING - _int(): could not convert 'Not found' to int – using 0
2026-05-25 21:09:51,404 - WARNING - _int(): could not convert 'Not found' to int – using 0
2026-05-25 21:09:51,405 - WARNING - _int(): could not convert 'Not found' to int – using 0
2026-05-25 21:09:51,413 - WARNING - energy_tgk_68(df_hQ_items): 'DataFrame' object has no attribute 'applymap'
2026-05-25 21:09:51,413 - INFO - Step 3: building formula strings
2026-05-25 21:13:31,999 - INFO - Step 4: building cell update tables
2026-05-25 21:13:32,033 - INFO - Step 5: writing output file
2026-05-25 21:15:03,062 - INFO - P&L output written \u2192 C:/Users/NE72649/Desktop/Output_folder\FY25 P&L Summary April_output_FY2026-27.xlsx  (315.2s)
2026-05-25 21:15:03,064 - INFO - Z-Audit report written \u2192 C:/Users/NE72649/Desktop/Output_folder\zero_population_audit_20260525_210947.txt  (147 zero events)
2026-05-25 21:15:03,064 - INFO - Z-Audit report \u2192 C:/Users/NE72649/Desktop/Output_folder\zero_population_audit_20260525_210947.txt
2026-05-25 21:15:03,065 - INFO - Step 6: calling ACT
2026-05-25 21:15:03,065 - INFO - ACT started
2026-05-25 21:15:03,065 - INFO - ACT Step 1: resolving column indices
2026-05-25 21:15:04,221 - INFO - ACT Step 2: OSP lookups
2026-05-25 21:15:04,227 - INFO - ACT Step 3: HFM Managerial re-read
2026-05-25 21:15:04,228 - WARNING - find_values_pandas_HFM: 'DataFrame' object has no attribute 'applymap'
2026-05-25 21:15:13,628 - INFO - HMF Managerial re-read OK
2026-05-25 21:15:13,629 - INFO - ACT Step 4: building HFM formula block
2026-05-25 21:15:15,948 - INFO - ACT Step 5: goodwill row extraction
2026-05-25 21:15:15,962 - INFO - Goodwill f1=='[C:/Users/NE72649/Desktop/Test Folder/Goodwill CALCULATION FILE.xlsx]GW Budget'!C2
2026-05-25 21:15:15,964 - INFO - ACT Step 6: relief row extraction
2026-05-25 21:15:16,471 - INFO - ACT Step 7: CFMI row extraction
2026-05-25 21:15:16,473 - INFO - ACT Step 8: building formulas
2026-05-25 21:15:26,017 - INFO - ACT Step 9: writing KPI output file
2026-05-25 21:15:30,156 - INFO - ACT KPI output written \u2192 C:/Users/NE72649/Desktop/Output_folder\NEW_KPI_P&L_April_output_FY2026-27.xlsx
2026-05-25 21:15:30,157 - INFO - ACT Step 10: writing Goodwill output file
2026-05-25 21:15:30,539 - INFO - ACT Goodwill output written
2026-05-25 21:15:30,540 - INFO - ACT completed
2026-05-25 21:33:46,646 - INFO - ACT triggered
2026-05-25 21:33:46,646 - INFO - Submit_2 triggered
2026-05-25 21:33:46,646 - INFO - UI triggered
2026-05-25 21:36:05,906 - INFO - calculate_alternate_value_1 started
2026-05-25 21:36:05,907 - WARNING - [SKIP] DataFrame 'df_r_and_d' is empty – cells \u2192 =0
2026-05-25 21:36:05,907 - WARNING - [SKIP] DataFrame 'df_P_L_MCCP' is empty – cells \u2192 =0
2026-05-25 21:36:05,908 - WARNING - [SKIP] DataFrame 'df_high_variance_feuil' is empty – cells \u2192 =0
2026-05-25 21:36:05,908 - WARNING - [SKIP] DataFrame 'df_Relief_KD' is empty – cells \u2192 =0
2026-05-25 21:36:05,909 - WARNING - [SKIP] DataFrame 'df_itp' is empty – cells \u2192 =0
2026-05-25 21:36:05,910 - WARNING - [SKIP] File 'Relief KD file' path is empty – formulas \u2192 =0
2026-05-25 21:36:05,911 - INFO - Step 1: resolving column indices
2026-05-25 21:36:05,918 - INFO - Step 2: resolving row indices
2026-05-25 21:36:08,281 - WARNING - find_fmi_row_nv(df_P_L_ROP_NE): Required label 'nissan nv' not found in first 3 columns.
2026-05-25 21:36:08,283 - WARNING - find_fmi_row_uc(df_P_L_ROP_NE): Required label 'uc nissan' not found in first 3 columns.
2026-05-25 21:36:08,287 - WARNING - find_fmi_row_as(df_P_L_ROP_NE): Required label 'as nissan' not found in first 3 columns.
2026-05-25 21:36:08,288 - WARNING - find_fmi_row_export(df_P_L_ROP_NE): Required label 'nissan export' not found in first 3 columns.
2026-05-25 21:36:08,998 - WARNING - find_financial_indices(df_P_L_ROP_NE): 'g&a' not found in first 3 columns.
2026-05-25 21:36:09,000 - WARNING - find_oem_terms(df_P_L_ROP_NE): 'oem' not found in first 3 columns.
2026-05-25 21:36:09,002 - WARNING - find_ocs_terms(df_P_L_ROP_NE): 'ocs' not found in first 3 columns.
2026-05-25 21:36:09,159 - WARNING - find_transfer_price_adjustment(df_hQ_items): 'DataFrame' object has no attribute 'applymap'
2026-05-25 21:36:09,160 - WARNING - tax_and_public(df_P_L_HQ): 'DataFrame' object has no attribute 'applymap'
2026-05-25 21:36:09,161 - WARNING - operating_profit(df_P_L_HQ): 'DataFrame' object has no attribute 'applymap'
2026-05-25 21:36:09,585 - WARNING - _int(): could not convert 'Not found' to int – using 0
2026-05-25 21:36:09,585 - WARNING - _int(): could not convert 'Not found' to int – using 0
2026-05-25 21:36:09,586 - WARNING - _int(): could not convert 'Not found' to int – using 0
2026-05-25 21:36:09,587 - WARNING - _int(): could not convert 'Not found' to int – using 0
2026-05-25 21:36:09,587 - WARNING - _int(): could not convert 'Not found' to int – using 0
2026-05-25 21:36:09,588 - WARNING - _int(): could not convert 'Not found' to int – using 0
2026-05-25 21:36:09,599 - WARNING - _int(): could not convert 'Not found' to int – using 0
2026-05-25 21:36:09,599 - WARNING - _int(): could not convert 'Not found' to int – using 0
2026-05-25 21:36:09,600 - WARNING - _int(): could not convert 'Not found' to int – using 0
2026-05-25 21:36:09,601 - WARNING - _int(): could not convert 'Not found' to int – using 0
2026-05-25 21:36:09,601 - WARNING - _int(): could not convert 'Not found' to int – using 0
2026-05-25 21:36:09,609 - WARNING - energy_tgk_68(df_hQ_items): 'DataFrame' object has no attribute 'applymap'
2026-05-25 21:36:09,610 - INFO - Step 3: building formula strings
2026-05-25 21:39:50,843 - INFO - Step 4: building cell update tables
2026-05-25 21:39:50,858 - INFO - Step 5: writing output file
2026-05-25 21:41:13,150 - INFO - P&L output written \u2192 C:/Users/NE72649/Desktop/Output_folder\FY25 P&L Summary April_output_FY2026-27.xlsx  (307.2s)
2026-05-25 21:41:13,152 - INFO - Z-Audit report written \u2192 C:/Users/NE72649/Desktop/Output_folder\zero_population_audit_20260525_213605.txt  (147 zero events)
2026-05-25 21:41:13,152 - INFO - Z-Audit report \u2192 C:/Users/NE72649/Desktop/Output_folder\zero_population_audit_20260525_213605.txt
2026-05-25 21:41:13,153 - INFO - Step 6: calling ACT
2026-05-25 21:41:13,153 - INFO - ACT started
2026-05-25 21:41:13,153 - INFO - ACT Step 1: resolving column indices
2026-05-25 21:41:14,550 - INFO - ACT Step 2: OSP lookups
2026-05-25 21:41:14,555 - INFO - ACT Step 3: HFM Managerial re-read
2026-05-25 21:41:14,555 - WARNING - find_values_pandas_HFM: 'DataFrame' object has no attribute 'applymap'
2026-05-25 21:41:23,612 - INFO - HMF Managerial re-read OK
2026-05-25 21:41:23,613 - INFO - ACT Step 4: building HFM formula block
2026-05-25 21:41:26,075 - INFO - ACT Step 5: goodwill row extraction
2026-05-25 21:41:26,089 - INFO - Goodwill f1=='[C:/Users/NE72649/Desktop/Test Folder/Goodwill CALCULATION FILE.xlsx]GW Budget'!C2
2026-05-25 21:41:26,089 - INFO - ACT Step 6: relief row extraction
2026-05-25 21:41:26,593 - INFO - ACT Step 7: CFMI row extraction
2026-05-25 21:41:26,595 - INFO - ACT Step 8: building formulas
2026-05-25 21:41:36,052 - INFO - ACT Step 9: writing KPI output file
2026-05-25 21:41:39,737 - INFO - ACT KPI output written \u2192 C:/Users/NE72649/Desktop/Output_folder\NEW_KPI_P&L_April_output_FY2026-27.xlsx
2026-05-25 21:41:39,739 - INFO - ACT Step 10: writing Goodwill output file
2026-05-25 21:41:40,045 - INFO - ACT Goodwill output written
2026-05-25 21:41:40,045 - INFO - ACT completed
2026-05-25 21:50:32,492 - INFO - ACT triggered
2026-05-25 21:50:32,492 - INFO - Submit_2 triggered
2026-05-25 21:50:32,492 - INFO - UI triggered
2026-05-25 21:52:24,474 - INFO - calculate_alternate_value_1 started
2026-05-25 21:52:24,475 - WARNING - [SKIP] DataFrame 'df_r_and_d' is empty – cells \u2192 =0
2026-05-25 21:52:24,476 - WARNING - [SKIP] DataFrame 'df_P_L_MCCP' is empty – cells \u2192 =0
2026-05-25 21:52:24,476 - WARNING - [SKIP] DataFrame 'df_high_variance_feuil' is empty – cells \u2192 =0
2026-05-25 21:52:24,477 - WARNING - [SKIP] DataFrame 'df_Relief_KD' is empty – cells \u2192 =0
2026-05-25 21:52:24,477 - WARNING - [SKIP] DataFrame 'df_itp' is empty – cells \u2192 =0
2026-05-25 21:52:24,478 - WARNING - [SKIP] File 'Relief KD file' path is empty – formulas \u2192 =0
2026-05-25 21:52:24,480 - INFO - Step 1: resolving column indices
2026-05-25 21:52:24,487 - INFO - Step 2: resolving row indices
2026-05-25 21:52:26,725 - WARNING - find_fmi_row_uc(df_P_L_ROP_NE): Required label 'uc nissan' not found in first 3 columns.
2026-05-25 21:52:26,726 - WARNING - find_fmi_row_as(df_P_L_ROP_NE): Required label 'as nissan' not found in first 3 columns.
2026-05-25 21:52:26,728 - WARNING - find_fmi_row_export(df_P_L_ROP_NE): Required label 'nissan export' not found in first 3 columns.
2026-05-25 21:52:27,404 - WARNING - find_financial_indices(df_P_L_ROP_NE): 'g&a' not found in first 3 columns.
2026-05-25 21:52:27,406 - WARNING - find_oem_terms(df_P_L_ROP_NE): 'oem' not found in first 3 columns.
2026-05-25 21:52:27,408 - WARNING - find_ocs_terms(df_P_L_ROP_NE): 'ocs' not found in first 3 columns.
2026-05-25 21:52:27,551 - WARNING - find_transfer_price_adjustment(df_hQ_items): 'DataFrame' object has no attribute 'applymap'
2026-05-25 21:52:27,552 - WARNING - tax_and_public(df_P_L_HQ): 'DataFrame' object has no attribute 'applymap'
2026-05-25 21:52:27,553 - WARNING - operating_profit(df_P_L_HQ): 'DataFrame' object has no attribute 'applymap'
2026-05-25 21:52:27,961 - WARNING - _int(): could not convert 'Not found' to int – using 0
2026-05-25 21:52:27,962 - WARNING - _int(): could not convert 'Not found' to int – using 0
2026-05-25 21:52:27,963 - WARNING - _int(): could not convert 'Not found' to int – using 0
2026-05-25 21:52:27,963 - WARNING - _int(): could not convert 'Not found' to int – using 0
2026-05-25 21:52:27,964 - WARNING - _int(): could not convert 'Not found' to int – using 0
2026-05-25 21:52:27,964 - WARNING - _int(): could not convert 'Not found' to int – using 0
2026-05-25 21:52:27,965 - WARNING - _int(): could not convert 'Not found' to int – using 0
2026-05-25 21:52:27,966 - WARNING - _int(): could not convert 'Not found' to int – using 0
2026-05-25 21:52:27,966 - WARNING - _int(): could not convert 'Not found' to int – using 0
2026-05-25 21:52:27,967 - WARNING - _int(): could not convert 'Not found' to int – using 0
2026-05-25 21:52:27,967 - WARNING - _int(): could not convert 'Not found' to int – using 0
2026-05-25 21:52:27,975 - WARNING - energy_tgk_68(df_hQ_items): 'DataFrame' object has no attribute 'applymap'
2026-05-25 21:52:27,975 - INFO - Step 3: building formula strings
2026-05-25 21:56:08,709 - INFO - Step 4: building cell update tables
2026-05-25 21:56:08,710 - INFO - Step 5: writing output file
2026-05-25 21:57:30,762 - INFO - P&L output written \u2192 C:/Users/NE72649/Desktop/Output_folder\FY25 P&L Summary April_output_FY2026-27.xlsx  (306.3s)
2026-05-25 21:57:30,764 - INFO - Z-Audit report written \u2192 C:/Users/NE72649/Desktop/Output_folder\zero_population_audit_20260525_215224.txt  (134 zero events)
2026-05-25 21:57:30,765 - INFO - Z-Audit report \u2192 C:/Users/NE72649/Desktop/Output_folder\zero_population_audit_20260525_215224.txt
2026-05-25 21:57:30,765 - INFO - Step 6: calling ACT
2026-05-25 21:57:30,765 - INFO - ACT started
2026-05-25 21:57:30,765 - INFO - ACT Step 1: resolving column indices
2026-05-25 21:57:31,896 - INFO - ACT Step 2: OSP lookups
2026-05-25 21:57:31,899 - INFO - ACT Step 3: HFM Managerial re-read
2026-05-25 21:57:31,900 - WARNING - find_values_pandas_HFM: 'DataFrame' object has no attribute 'applymap'
2026-05-25 21:57:40,957 - INFO - HMF Managerial re-read OK
2026-05-25 21:57:40,958 - INFO - ACT Step 4: building HFM formula block
2026-05-25 21:57:43,404 - INFO - ACT Step 5: goodwill row extraction
2026-05-25 21:57:43,421 - INFO - Goodwill f1=='[C:/Users/NE72649/Desktop/Test Folder/Goodwill CALCULATION FILE.xlsx]GW Budget'!C2
2026-05-25 21:57:43,424 - INFO - ACT Step 6: relief row extraction
2026-05-25 21:57:43,924 - INFO - ACT Step 7: CFMI row extraction
2026-05-25 21:57:43,926 - INFO - ACT Step 8: building formulas
2026-05-25 21:57:54,001 - INFO - ACT Step 9: writing KPI output file
2026-05-25 21:57:58,243 - INFO - ACT KPI output written \u2192 C:/Users/NE72649/Desktop/Output_folder\NEW_KPI_P&L_April_output_FY2026-27.xlsx
2026-05-25 21:57:58,244 - INFO - ACT Step 10: writing Goodwill output file
2026-05-25 21:57:58,628 - INFO - ACT Goodwill output written
2026-05-25 21:57:58,629 - INFO - ACT completed
2026-05-25 22:13:22,364 - INFO - ACT triggered
2026-05-25 22:13:22,364 - INFO - Submit_2 triggered
2026-05-25 22:13:22,364 - INFO - UI triggered
2026-05-25 22:14:04,863 - INFO - ACT triggered
2026-05-25 22:14:04,864 - INFO - Submit_2 triggered
2026-05-25 22:14:04,864 - INFO - UI triggered
2026-05-25 22:16:02,802 - INFO - calculate_alternate_value_1 started
2026-05-25 22:16:02,804 - WARNING - [SKIP] DataFrame 'df_r_and_d' is empty – cells \u2192 =0
2026-05-25 22:16:02,804 - WARNING - [SKIP] DataFrame 'df_P_L_MCCP' is empty – cells \u2192 =0
2026-05-25 22:16:02,805 - WARNING - [SKIP] DataFrame 'df_high_variance_feuil' is empty – cells \u2192 =0
2026-05-25 22:16:02,806 - WARNING - [SKIP] DataFrame 'df_Relief_KD' is empty – cells \u2192 =0
2026-05-25 22:16:02,806 - WARNING - [SKIP] DataFrame 'df_itp' is empty – cells \u2192 =0
2026-05-25 22:16:02,808 - WARNING - [SKIP] File 'Relief KD file' path is empty – formulas \u2192 =0
2026-05-25 22:16:02,809 - INFO - Step 1: resolving column indices
2026-05-25 22:16:02,816 - INFO - Step 2: resolving row indices
2026-05-25 22:16:05,023 - WARNING - find_fmi_row_uc(df_P_L_ROP_NE): Required label 'uc nissan' not found in first 3 columns.
2026-05-25 22:16:05,025 - WARNING - find_fmi_row_as(df_P_L_ROP_NE): Required label 'as nissan' not found in first 3 columns.
2026-05-25 22:16:05,027 - WARNING - find_fmi_row_export(df_P_L_ROP_NE): Required label 'nissan export' not found in first 3 columns.
2026-05-25 22:16:05,713 - WARNING - find_financial_indices(df_P_L_ROP_NE): 'g&a' not found in first 3 columns.
2026-05-25 22:16:05,715 - WARNING - find_oem_terms(df_P_L_ROP_NE): 'oem' not found in first 3 columns.
2026-05-25 22:16:05,717 - WARNING - find_ocs_terms(df_P_L_ROP_NE): 'ocs' not found in first 3 columns.
2026-05-25 22:16:05,863 - WARNING - find_transfer_price_adjustment(df_hQ_items): 'DataFrame' object has no attribute 'applymap'
2026-05-25 22:16:05,864 - WARNING - tax_and_public(df_P_L_HQ): 'DataFrame' object has no attribute 'applymap'
2026-05-25 22:16:05,864 - WARNING - operating_profit(df_P_L_HQ): 'DataFrame' object has no attribute 'applymap'
2026-05-25 22:16:06,268 - WARNING - _int(): could not convert 'Not found' to int – using 0
2026-05-25 22:16:06,268 - WARNING - _int(): could not convert 'Not found' to int – using 0
2026-05-25 22:16:06,269 - WARNING - _int(): could not convert 'Not found' to int – using 0
2026-05-25 22:16:06,270 - WARNING - _int(): could not convert 'Not found' to int – using 0
2026-05-25 22:16:06,270 - WARNING - _int(): could not convert 'Not found' to int – using 0
2026-05-25 22:16:06,271 - WARNING - _int(): could not convert 'Not found' to int – using 0
2026-05-25 22:16:06,272 - WARNING - _int(): could not convert 'Not found' to int – using 0
2026-05-25 22:16:06,272 - WARNING - _int(): could not convert 'Not found' to int – using 0
2026-05-25 22:16:06,273 - WARNING - _int(): could not convert 'Not found' to int – using 0
2026-05-25 22:16:06,273 - WARNING - _int(): could not convert 'Not found' to int – using 0
2026-05-25 22:16:06,274 - WARNING - _int(): could not convert 'Not found' to int – using 0
2026-05-25 22:16:06,282 - WARNING - energy_tgk_68(df_hQ_items): 'DataFrame' object has no attribute 'applymap'
2026-05-25 22:16:06,282 - INFO - Step 3: building formula strings
2026-05-25 22:19:44,237 - INFO - Step 4: building cell update tables
2026-05-25 22:19:44,252 - INFO - Step 5: writing output file
2026-05-25 22:21:07,628 - INFO - P&L output written \u2192 C:/Users/NE72649/Desktop/Output_folder\FY25 P&L Summary April_output_FY2026-27.xlsx  (304.8s)
2026-05-25 22:21:07,630 - INFO - Z-Audit report written \u2192 C:/Users/NE72649/Desktop/Output_folder\zero_population_audit_20260525_221602.txt  (107 zero events)
2026-05-25 22:21:07,630 - INFO - Z-Audit report \u2192 C:/Users/NE72649/Desktop/Output_folder\zero_population_audit_20260525_221602.txt
2026-05-25 22:21:07,630 - INFO - Step 6: calling ACT
2026-05-25 22:21:07,630 - INFO - ACT started
2026-05-25 22:21:07,630 - INFO - ACT Step 1: resolving column indices
2026-05-25 22:21:08,767 - INFO - ACT Step 2: OSP lookups
2026-05-25 22:21:08,771 - INFO - ACT Step 3: HFM Managerial re-read
2026-05-25 22:21:08,772 - WARNING - find_values_pandas_HFM: 'DataFrame' object has no attribute 'applymap'
2026-05-25 22:21:17,751 - INFO - HMF Managerial re-read OK
2026-05-25 22:21:17,752 - INFO - ACT Step 4: building HFM formula block
2026-05-25 22:21:20,699 - INFO - ACT Step 5: goodwill row extraction
2026-05-25 22:21:20,712 - INFO - Goodwill f1=='[C:/Users/NE72649/Desktop/Test Folder/Goodwill CALCULATION FILE.xlsx]GW Budget'!C2
2026-05-25 22:21:20,713 - INFO - ACT Step 6: relief row extraction
2026-05-25 22:21:21,202 - INFO - ACT Step 7: CFMI row extraction
2026-05-25 22:21:21,206 - INFO - ACT Step 8: building formulas
2026-05-25 22:21:30,320 - INFO - ACT Step 9: writing KPI output file
2026-05-25 22:21:33,660 - INFO - ACT KPI output written \u2192 C:/Users/NE72649/Desktop/Output_folder\NEW_KPI_P&L_April_output_FY2026-27.xlsx
2026-05-25 22:21:33,660 - INFO - ACT Step 10: writing Goodwill output file
2026-05-25 22:21:33,959 - INFO - ACT Goodwill output written
2026-05-25 22:21:33,959 - INFO - ACT completed
2026-05-25 22:46:59,899 - INFO - ACT triggered
2026-05-25 22:46:59,899 - INFO - Submit_2 triggered
2026-05-25 22:46:59,900 - INFO - UI triggered
2026-05-25 22:48:50,904 - INFO - calculate_alternate_value_1 started
2026-05-25 22:48:50,905 - WARNING - [SKIP] DataFrame 'df_r_and_d' is empty – cells \u2192 =0
2026-05-25 22:48:50,906 - WARNING - [SKIP] DataFrame 'df_P_L_MCCP' is empty – cells \u2192 =0
2026-05-25 22:48:50,906 - WARNING - [SKIP] DataFrame 'df_high_variance_feuil' is empty – cells \u2192 =0
2026-05-25 22:48:50,907 - WARNING - [SKIP] DataFrame 'df_Relief_KD' is empty – cells \u2192 =0
2026-05-25 22:48:50,907 - WARNING - [SKIP] DataFrame 'df_itp' is empty – cells \u2192 =0
2026-05-25 22:48:50,908 - WARNING - [SKIP] File 'Relief KD file' path is empty – formulas \u2192 =0
2026-05-25 22:48:50,909 - INFO - Step 1: resolving column indices
2026-05-25 22:48:50,916 - INFO - Step 2: resolving row indices
2026-05-25 22:48:53,172 - WARNING - find_fmi_row_uc(df_P_L_ROP_NE): Required label 'uc nissan' not found in first 3 columns.
2026-05-25 22:48:53,174 - WARNING - find_fmi_row_as(df_P_L_ROP_NE): Required label 'as nissan' not found in first 3 columns.
2026-05-25 22:48:53,176 - WARNING - find_fmi_row_export(df_P_L_ROP_NE): Required label 'nissan export' not found in first 3 columns.
2026-05-25 22:48:53,850 - WARNING - find_financial_indices(df_P_L_ROP_NE): 'g&a' not found in first 3 columns.
2026-05-25 22:48:53,853 - WARNING - find_oem_terms(df_P_L_ROP_NE): 'oem' not found in first 3 columns.
2026-05-25 22:48:53,856 - WARNING - find_ocs_terms(df_P_L_ROP_NE): 'ocs' not found in first 3 columns.
2026-05-25 22:48:54,007 - WARNING - find_transfer_price_adjustment(df_hQ_items): 'DataFrame' object has no attribute 'applymap'
2026-05-25 22:48:54,009 - WARNING - tax_and_public(df_P_L_HQ): 'DataFrame' object has no attribute 'applymap'
2026-05-25 22:48:54,010 - WARNING - operating_profit(df_P_L_HQ): 'DataFrame' object has no attribute 'applymap'
2026-05-25 22:48:54,418 - WARNING - _int(): could not convert 'Not found' to int – using 0
2026-05-25 22:48:54,418 - WARNING - _int(): could not convert 'Not found' to int – using 0
2026-05-25 22:48:54,419 - WARNING - _int(): could not convert 'Not found' to int – using 0
2026-05-25 22:48:54,420 - WARNING - _int(): could not convert 'Not found' to int – using 0
2026-05-25 22:48:54,421 - WARNING - _int(): could not convert 'Not found' to int – using 0
2026-05-25 22:48:54,422 - WARNING - _int(): could not convert 'Not found' to int – using 0
2026-05-25 22:48:54,422 - WARNING - _int(): could not convert 'Not found' to int – using 0
2026-05-25 22:48:54,423 - WARNING - _int(): could not convert 'Not found' to int – using 0
2026-05-25 22:48:54,425 - WARNING - _int(): could not convert 'Not found' to int – using 0
2026-05-25 22:48:54,426 - WARNING - _int(): could not convert 'Not found' to int – using 0
2026-05-25 22:48:54,427 - WARNING - _int(): could not convert 'Not found' to int – using 0
2026-05-25 22:48:54,436 - WARNING - energy_tgk_68(df_hQ_items): 'DataFrame' object has no attribute 'applymap'
2026-05-25 22:48:54,437 - INFO - Step 3: building formula strings
2026-05-25 22:52:34,744 - INFO - Step 4: building cell update tables
2026-05-25 22:52:34,745 - INFO - Step 5: writing output file
2026-05-25 22:53:58,507 - INFO - P&L output written \u2192 C:/Users/NE72649/Desktop/Output_folder\FY25 P&L Summary April_output_FY2026-27.xlsx  (307.6s)
2026-05-25 22:53:58,509 - INFO - Z-Audit report written \u2192 C:/Users/NE72649/Desktop/Output_folder\zero_population_audit_20260525_224850.txt  (94 zero events)
2026-05-25 22:53:58,509 - INFO - Z-Audit report \u2192 C:/Users/NE72649/Desktop/Output_folder\zero_population_audit_20260525_224850.txt
2026-05-25 22:53:58,509 - INFO - Step 6: calling ACT
2026-05-25 22:53:58,509 - INFO - ACT started
2026-05-25 22:53:58,510 - INFO - ACT Step 1: resolving column indices
2026-05-25 22:53:59,838 - INFO - ACT Step 2: OSP lookups
2026-05-25 22:53:59,842 - INFO - ACT Step 3: HFM Managerial re-read
2026-05-25 22:53:59,842 - WARNING - find_values_pandas_HFM: 'DataFrame' object has no attribute 'applymap'
2026-05-25 22:54:09,465 - INFO - HMF Managerial re-read OK
2026-05-25 22:54:09,472 - INFO - ACT Step 4: building HFM formula block
2026-05-25 22:54:11,802 - INFO - ACT Step 5: goodwill row extraction
2026-05-25 22:54:11,823 - INFO - Goodwill f1=='[C:/Users/NE72649/Desktop/Test Folder/Goodwill CALCULATION FILE.xlsx]GW Budget'!C2
2026-05-25 22:54:11,823 - INFO - ACT Step 6: relief row extraction
2026-05-25 22:54:12,318 - INFO - ACT Step 7: CFMI row extraction
2026-05-25 22:54:12,321 - INFO - ACT Step 8: building formulas
2026-05-25 22:54:21,500 - INFO - ACT Step 9: writing KPI output file
2026-05-25 22:54:24,923 - INFO - ACT KPI output written \u2192 C:/Users/NE72649/Desktop/Output_folder\NEW_KPI_P&L_April_output_FY2026-27.xlsx
2026-05-25 22:54:24,923 - INFO - ACT Step 10: writing Goodwill output file
2026-05-25 22:54:25,234 - INFO - ACT Goodwill output written
2026-05-25 22:54:25,235 - INFO - ACT completed
2026-05-25 22:59:41,793 - INFO - ACT triggered
2026-05-25 22:59:41,793 - INFO - Submit_2 triggered
2026-05-25 22:59:41,793 - INFO - UI triggered
2026-05-25 23:01:49,139 - INFO - calculate_alternate_value_1 started
2026-05-25 23:01:49,139 - WARNING - [SKIP] DataFrame 'df_r_and_d' is empty – cells \u2192 =0
2026-05-25 23:01:49,140 - WARNING - [SKIP] DataFrame 'df_P_L_MCCP' is empty – cells \u2192 =0
2026-05-25 23:01:49,141 - WARNING - [SKIP] DataFrame 'df_high_variance_feuil' is empty – cells \u2192 =0
2026-05-25 23:01:49,142 - WARNING - [SKIP] DataFrame 'df_Relief_KD' is empty – cells \u2192 =0
2026-05-25 23:01:49,142 - WARNING - [SKIP] DataFrame 'df_itp' is empty – cells \u2192 =0
2026-05-25 23:01:49,143 - WARNING - [SKIP] File 'Relief KD file' path is empty – formulas \u2192 =0
2026-05-25 23:01:49,144 - INFO - Step 1: resolving column indices
2026-05-25 23:01:49,151 - INFO - Step 2: resolving row indices
2026-05-25 23:01:51,371 - WARNING - find_fmi_row_uc(df_P_L_ROP_NE): Required label 'uc nissan' not found in first 3 columns.
2026-05-25 23:01:51,373 - WARNING - find_fmi_row_as(df_P_L_ROP_NE): Required label 'as nissan' not found in first 3 columns.
2026-05-25 23:01:51,375 - WARNING - find_fmi_row_export(df_P_L_ROP_NE): Required label 'nissan export' not found in first 3 columns.
2026-05-25 23:01:52,070 - WARNING - find_financial_indices(df_P_L_ROP_NE): 'g&a' not found in first 3 columns.
2026-05-25 23:01:52,072 - WARNING - find_oem_terms(df_P_L_ROP_NE): 'oem' not found in first 3 columns.
2026-05-25 23:01:52,074 - WARNING - find_ocs_terms(df_P_L_ROP_NE): 'ocs' not found in first 3 columns.
2026-05-25 23:01:52,228 - WARNING - find_transfer_price_adjustment(df_hQ_items): 'DataFrame' object has no attribute 'applymap'
2026-05-25 23:01:52,229 - WARNING - tax_and_public(df_P_L_HQ): 'DataFrame' object has no attribute 'applymap'
2026-05-25 23:01:52,230 - WARNING - operating_profit(df_P_L_HQ): 'DataFrame' object has no attribute 'applymap'
2026-05-25 23:01:52,649 - WARNING - _int(): could not convert 'Not found' to int – using 0
2026-05-25 23:01:52,650 - WARNING - _int(): could not convert 'Not found' to int – using 0
2026-05-25 23:01:52,650 - WARNING - _int(): could not convert 'Not found' to int – using 0
2026-05-25 23:01:52,651 - WARNING - _int(): could not convert 'Not found' to int – using 0
2026-05-25 23:01:52,652 - WARNING - _int(): could not convert 'Not found' to int – using 0
2026-05-25 23:01:52,652 - WARNING - _int(): could not convert 'Not found' to int – using 0
2026-05-25 23:01:52,653 - WARNING - _int(): could not convert 'Not found' to int – using 0
2026-05-25 23:01:52,653 - WARNING - _int(): could not convert 'Not found' to int – using 0
2026-05-25 23:01:52,654 - WARNING - _int(): could not convert 'Not found' to int – using 0
2026-05-25 23:01:52,654 - WARNING - _int(): could not convert 'Not found' to int – using 0
2026-05-25 23:01:52,655 - WARNING - _int(): could not convert 'Not found' to int – using 0
2026-05-25 23:01:52,663 - WARNING - energy_tgk_68(df_hQ_items): 'DataFrame' object has no attribute 'applymap'
2026-05-25 23:01:52,663 - INFO - Step 3: building formula strings
2026-05-25 23:05:31,824 - ERROR - Error in Calculation Engine (calculate_alternate_value_1): NameError: name 'formula_ued_raw' is not defined
2026-05-25 23:06:27,282 - INFO - ACT triggered
2026-05-25 23:06:27,282 - INFO - Submit_2 triggered
2026-05-25 23:06:27,282 - INFO - UI triggered
2026-05-25 23:08:19,498 - INFO - calculate_alternate_value_1 started
2026-05-25 23:08:19,499 - WARNING - [SKIP] DataFrame 'df_r_and_d' is empty – cells \u2192 =0
2026-05-25 23:08:19,499 - WARNING - [SKIP] DataFrame 'df_P_L_MCCP' is empty – cells \u2192 =0
2026-05-25 23:08:19,500 - WARNING - [SKIP] DataFrame 'df_high_variance_feuil' is empty – cells \u2192 =0
2026-05-25 23:08:19,501 - WARNING - [SKIP] DataFrame 'df_Relief_KD' is empty – cells \u2192 =0
2026-05-25 23:08:19,501 - WARNING - [SKIP] DataFrame 'df_itp' is empty – cells \u2192 =0
2026-05-25 23:08:19,502 - WARNING - [SKIP] File 'Relief KD file' path is empty – formulas \u2192 =0
2026-05-25 23:08:19,503 - INFO - Step 1: resolving column indices
2026-05-25 23:08:19,510 - INFO - Step 2: resolving row indices
2026-05-25 23:08:21,775 - WARNING - find_fmi_row_uc(df_P_L_ROP_NE): Required label 'uc nissan' not found in first 3 columns.
2026-05-25 23:08:21,777 - WARNING - find_fmi_row_as(df_P_L_ROP_NE): Required label 'as nissan' not found in first 3 columns.
2026-05-25 23:08:21,778 - WARNING - find_fmi_row_export(df_P_L_ROP_NE): Required label 'nissan export' not found in first 3 columns.
2026-05-25 23:08:22,463 - WARNING - find_financial_indices(df_P_L_ROP_NE): 'g&a' not found in first 3 columns.
2026-05-25 23:08:22,465 - WARNING - find_oem_terms(df_P_L_ROP_NE): 'oem' not found in first 3 columns.
2026-05-25 23:08:22,466 - WARNING - find_ocs_terms(df_P_L_ROP_NE): 'ocs' not found in first 3 columns.
2026-05-25 23:08:22,615 - WARNING - find_transfer_price_adjustment(df_hQ_items): 'DataFrame' object has no attribute 'applymap'
2026-05-25 23:08:22,616 - WARNING - tax_and_public(df_P_L_HQ): 'DataFrame' object has no attribute 'applymap'
2026-05-25 23:08:22,616 - WARNING - operating_profit(df_P_L_HQ): 'DataFrame' object has no attribute 'applymap'
2026-05-25 23:08:23,027 - WARNING - _int(): could not convert 'Not found' to int – using 0
2026-05-25 23:08:23,028 - WARNING - _int(): could not convert 'Not found' to int – using 0
2026-05-25 23:08:23,029 - WARNING - _int(): could not convert 'Not found' to int – using 0
2026-05-25 23:08:23,029 - WARNING - _int(): could not convert 'Not found' to int – using 0
2026-05-25 23:08:23,030 - WARNING - _int(): could not convert 'Not found' to int – using 0
2026-05-25 23:08:23,030 - WARNING - _int(): could not convert 'Not found' to int – using 0
2026-05-25 23:08:23,031 - WARNING - _int(): could not convert 'Not found' to int – using 0
2026-05-25 23:08:23,031 - WARNING - _int(): could not convert 'Not found' to int – using 0
2026-05-25 23:08:23,032 - WARNING - _int(): could not convert 'Not found' to int – using 0
2026-05-25 23:08:23,032 - WARNING - _int(): could not convert 'Not found' to int – using 0
2026-05-25 23:08:23,033 - WARNING - _int(): could not convert 'Not found' to int – using 0
2026-05-25 23:08:23,041 - WARNING - energy_tgk_68(df_hQ_items): 'DataFrame' object has no attribute 'applymap'
2026-05-25 23:08:23,042 - INFO - Step 3: building formula strings
2026-05-25 23:12:00,318 - INFO - Step 4: building cell update tables
2026-05-25 23:12:00,319 - INFO - Step 5: writing output file
2026-05-25 23:13:23,387 - INFO - P&L output written \u2192 C:/Users/NE72649/Desktop/Output_folder\FY25 P&L Summary April_output_FY2026-27.xlsx  (303.9s)
2026-05-25 23:13:23,389 - INFO - Z-Audit report written \u2192 C:/Users/NE72649/Desktop/Output_folder\zero_population_audit_20260525_230819.txt  (92 zero events)
2026-05-25 23:13:23,389 - INFO - Z-Audit report \u2192 C:/Users/NE72649/Desktop/Output_folder\zero_population_audit_20260525_230819.txt
2026-05-25 23:13:23,389 - INFO - Step 6: calling ACT
2026-05-25 23:13:23,389 - INFO - ACT started
2026-05-25 23:13:23,389 - INFO - ACT Step 1: resolving column indices
2026-05-25 23:13:24,717 - INFO - ACT Step 2: OSP lookups
2026-05-25 23:13:24,721 - INFO - ACT Step 3: HFM Managerial re-read
2026-05-25 23:13:24,722 - WARNING - find_values_pandas_HFM: 'DataFrame' object has no attribute 'applymap'
2026-05-25 23:13:34,145 - INFO - HMF Managerial re-read OK
2026-05-25 23:13:34,146 - INFO - ACT Step 4: building HFM formula block
2026-05-25 23:13:36,419 - INFO - ACT Step 5: goodwill row extraction
2026-05-25 23:13:36,433 - INFO - Goodwill f1=='[C:/Users/NE72649/Desktop/Test Folder/Goodwill CALCULATION FILE.xlsx]GW Budget'!C2
2026-05-25 23:13:36,433 - INFO - ACT Step 6: relief row extraction
2026-05-25 23:13:36,941 - INFO - ACT Step 7: CFMI row extraction
2026-05-25 23:13:36,943 - INFO - ACT Step 8: building formulas
2026-05-25 23:13:46,171 - INFO - ACT Step 9: writing KPI output file
2026-05-25 23:13:49,540 - INFO - ACT KPI output written \u2192 C:/Users/NE72649/Desktop/Output_folder\NEW_KPI_P&L_April_output_FY2026-27.xlsx
2026-05-25 23:13:49,541 - INFO - ACT Step 10: writing Goodwill output file
2026-05-25 23:13:49,824 - INFO - ACT Goodwill output written
2026-05-25 23:13:49,825 - INFO - ACT completed
2026-05-26 09:25:13,905 - INFO - ACT triggered
2026-05-26 09:25:13,906 - INFO - Submit_2 triggered
2026-05-26 09:25:13,906 - INFO - UI triggered
2026-05-26 09:27:20,901 - INFO - calculate_alternate_value_1 started
2026-05-26 09:27:20,902 - WARNING - [SKIP] DataFrame 'df_r_and_d' is empty – cells \u2192 =0
2026-05-26 09:27:20,903 - WARNING - [SKIP] DataFrame 'df_P_L_MCCP' is empty – cells \u2192 =0
2026-05-26 09:27:20,904 - WARNING - [SKIP] DataFrame 'df_high_variance_feuil' is empty – cells \u2192 =0
2026-05-26 09:27:20,904 - WARNING - [SKIP] DataFrame 'df_Relief_KD' is empty – cells \u2192 =0
2026-05-26 09:27:20,905 - WARNING - [SKIP] DataFrame 'df_itp' is empty – cells \u2192 =0
2026-05-26 09:27:20,905 - WARNING - [SKIP] File 'Relief KD file' path is empty – formulas \u2192 =0
2026-05-26 09:27:20,906 - INFO - Step 1: resolving column indices
2026-05-26 09:27:20,913 - INFO - Step 2: resolving row indices
2026-05-26 09:27:23,132 - WARNING - find_fmi_row_uc(df_P_L_ROP_NE): Required label 'uc nissan' not found in first 3 columns.
2026-05-26 09:27:23,134 - WARNING - find_fmi_row_as(df_P_L_ROP_NE): Required label 'as nissan' not found in first 3 columns.
2026-05-26 09:27:23,135 - WARNING - find_fmi_row_export(df_P_L_ROP_NE): Required label 'nissan export' not found in first 3 columns.
2026-05-26 09:27:23,817 - WARNING - find_financial_indices(df_P_L_ROP_NE): 'g&a' not found in first 3 columns.
2026-05-26 09:27:23,819 - WARNING - find_oem_terms(df_P_L_ROP_NE): 'oem' not found in first 3 columns.
2026-05-26 09:27:23,821 - WARNING - find_ocs_terms(df_P_L_ROP_NE): 'ocs' not found in first 3 columns.
2026-05-26 09:27:23,970 - WARNING - find_transfer_price_adjustment(df_hQ_items): 'DataFrame' object has no attribute 'applymap'
2026-05-26 09:27:23,971 - WARNING - tax_and_public(df_P_L_HQ): 'DataFrame' object has no attribute 'applymap'
2026-05-26 09:27:23,972 - WARNING - operating_profit(df_P_L_HQ): 'DataFrame' object has no attribute 'applymap'
2026-05-26 09:27:24,379 - WARNING - _int(): could not convert 'Not found' to int – using 0
2026-05-26 09:27:24,380 - WARNING - _int(): could not convert 'Not found' to int – using 0
2026-05-26 09:27:24,380 - WARNING - _int(): could not convert 'Not found' to int – using 0
2026-05-26 09:27:24,381 - WARNING - _int(): could not convert 'Not found' to int – using 0
2026-05-26 09:27:24,381 - WARNING - _int(): could not convert 'Not found' to int – using 0
2026-05-26 09:27:24,382 - WARNING - _int(): could not convert 'Not found' to int – using 0
2026-05-26 09:27:24,382 - WARNING - _int(): could not convert 'Not found' to int – using 0
2026-05-26 09:27:24,383 - WARNING - _int(): could not convert 'Not found' to int – using 0
2026-05-26 09:27:24,383 - WARNING - _int(): could not convert 'Not found' to int – using 0
2026-05-26 09:27:24,384 - WARNING - _int(): could not convert 'Not found' to int – using 0
2026-05-26 09:27:24,384 - WARNING - _int(): could not convert 'Not found' to int – using 0
2026-05-26 09:27:24,392 - WARNING - energy_tgk_68(df_hQ_items): 'DataFrame' object has no attribute 'applymap'
2026-05-26 09:27:24,392 - INFO - Step 3: building formula strings
2026-05-26 09:31:04,115 - INFO - Step 4: building cell update tables
2026-05-26 09:31:04,116 - INFO - Step 5: writing output file
2026-05-26 09:32:30,080 - INFO - P&L output written \u2192 C:/Users/NE72649/Desktop/Output_folder\FY25 P&L Summary April_output_FY2026-27.xlsx  (309.2s)
2026-05-26 09:32:30,082 - INFO - Z-Audit report written \u2192 C:/Users/NE72649/Desktop/Output_folder\zero_population_audit_20260526_092720.txt  (92 zero events)
2026-05-26 09:32:30,083 - INFO - Z-Audit report \u2192 C:/Users/NE72649/Desktop/Output_folder\zero_population_audit_20260526_092720.txt
2026-05-26 09:32:30,083 - INFO - Step 6: calling ACT
2026-05-26 09:32:30,083 - INFO - ACT started
2026-05-26 09:32:30,083 - INFO - ACT Step 1: resolving column indices
2026-05-26 09:32:31,216 - INFO - ACT Step 2: OSP lookups
2026-05-26 09:32:31,220 - INFO - ACT Step 3: HFM Managerial re-read
2026-05-26 09:32:31,220 - WARNING - find_values_pandas_HFM: 'DataFrame' object has no attribute 'applymap'
2026-05-26 09:32:39,250 - INFO - HMF Managerial re-read OK
2026-05-26 09:32:39,250 - INFO - ACT Step 4: building HFM formula block
2026-05-26 09:32:41,601 - INFO - ACT Step 5: goodwill row extraction
2026-05-26 09:32:41,614 - INFO - Goodwill f1=='[C:/Users/NE72649/Desktop/Test Folder/Goodwill CALCULATION FILE.xlsx]GW Budget'!C2
2026-05-26 09:32:41,614 - INFO - ACT Step 6: relief row extraction
2026-05-26 09:32:42,110 - INFO - ACT Step 7: CFMI row extraction
2026-05-26 09:32:42,111 - INFO - ACT Step 8: building formulas
2026-05-26 09:32:51,124 - INFO - ACT Step 9: writing KPI output file
2026-05-26 09:32:54,535 - INFO - ACT KPI output written \u2192 C:/Users/NE72649/Desktop/Output_folder\NEW_KPI_P&L_April_output_FY2026-27.xlsx
2026-05-26 09:32:54,535 - INFO - ACT Step 10: writing Goodwill output file
2026-05-26 09:32:54,837 - INFO - ACT Goodwill output written
2026-05-26 09:32:54,837 - INFO - ACT completed
2026-05-26 10:07:25,727 - INFO - ACT triggered
2026-05-26 10:07:25,727 - INFO - Submit_2 triggered
2026-05-26 10:07:25,728 - INFO - UI triggered
2026-05-26 10:09:21,276 - INFO - calculate_alternate_value_1 started
2026-05-26 10:09:21,277 - WARNING - [SKIP] DataFrame 'df_r_and_d' is empty – cells \u2192 =0
2026-05-26 10:09:21,277 - WARNING - [SKIP] DataFrame 'df_P_L_MCCP' is empty – cells \u2192 =0
2026-05-26 10:09:21,278 - WARNING - [SKIP] DataFrame 'df_Relief_KD' is empty – cells \u2192 =0
2026-05-26 10:09:21,278 - WARNING - [SKIP] DataFrame 'df_itp' is empty – cells \u2192 =0
2026-05-26 10:09:21,279 - WARNING - [SKIP] File 'Relief KD file' path is empty – formulas \u2192 =0
2026-05-26 10:09:21,280 - INFO - Step 1: resolving column indices
2026-05-26 10:09:21,286 - INFO - Step 2: resolving row indices
2026-05-26 10:09:21,350 - WARNING - find_fmi_row_uc(df_P_L_ROP_NE): Required label 'uc nissan' not found in first 3 columns.
2026-05-26 10:09:21,351 - WARNING - find_fmi_row_as(df_P_L_ROP_NE): Required label 'as nissan' not found in first 3 columns.
2026-05-26 10:09:21,353 - WARNING - find_fmi_row_export(df_P_L_ROP_NE): Required label 'nissan export' not found in first 3 columns.
2026-05-26 10:09:21,353 - WARNING - tax_and_public(df_P_L_HQ): 'DataFrame' object has no attribute 'applymap'
2026-05-26 10:09:21,354 - WARNING - operating_profit(df_P_L_HQ): 'DataFrame' object has no attribute 'applymap'
2026-05-26 10:09:21,768 - WARNING - _int(): could not convert 'Not found' to int – using 0
2026-05-26 10:09:21,768 - WARNING - _int(): could not convert 'Not found' to int – using 0
2026-05-26 10:09:21,769 - WARNING - _int(): could not convert 'Not found' to int – using 0
2026-05-26 10:09:21,769 - WARNING - _int(): could not convert 'Not found' to int – using 0
2026-05-26 10:09:21,770 - WARNING - _int(): could not convert 'Not found' to int – using 0
2026-05-26 10:09:21,770 - WARNING - _int(): could not convert 'Not found' to int – using 0
2026-05-26 10:09:21,771 - WARNING - _int(): could not convert 'Not found' to int – using 0
2026-05-26 10:09:21,771 - WARNING - _int(): could not convert 'Not found' to int – using 0
2026-05-26 10:09:21,772 - WARNING - _int(): could not convert 'Not found' to int – using 0
2026-05-26 10:09:21,772 - WARNING - _int(): could not convert 'Not found' to int – using 0
2026-05-26 10:09:21,773 - WARNING - _int(): could not convert 'Not found' to int – using 0
2026-05-26 10:09:21,801 - WARNING - energy_tgk_68(df_hQ_items): 'DataFrame' object has no attribute 'applymap'
2026-05-26 10:09:21,801 - INFO - Step 3: building formula strings
2026-05-26 10:13:00,083 - INFO - Step 4: building cell update tables
2026-05-26 10:13:00,085 - INFO - Step 5: writing output file
2026-05-26 10:14:22,806 - INFO - P&L output written \u2192 C:/Users/NE72649/Desktop/Output_folder\FY25 P&L Summary April_output_FY2026-27.xlsx  (301.5s)
2026-05-26 10:14:22,809 - INFO - Z-Audit report written \u2192 C:/Users/NE72649/Desktop/Output_folder\zero_population_audit_20260526_100921.txt  (71 zero events)
2026-05-26 10:14:22,810 - INFO - Z-Audit report \u2192 C:/Users/NE72649/Desktop/Output_folder\zero_population_audit_20260526_100921.txt
2026-05-26 10:14:22,810 - INFO - Step 6: calling ACT
2026-05-26 10:14:22,811 - INFO - ACT started
2026-05-26 10:14:22,812 - INFO - ACT Step 1: resolving column indices
2026-05-26 10:14:24,119 - INFO - ACT Step 2: OSP lookups
2026-05-26 10:14:24,123 - INFO - ACT Step 3: HFM Managerial re-read
2026-05-26 10:14:24,123 - WARNING - find_values_pandas_HFM: 'DataFrame' object has no attribute 'applymap'
2026-05-26 10:14:32,243 - INFO - HMF Managerial re-read OK
2026-05-26 10:14:32,244 - INFO - ACT Step 4: building HFM formula block
2026-05-26 10:14:34,587 - INFO - ACT Step 5: goodwill row extraction
2026-05-26 10:14:34,600 - INFO - Goodwill f1=='[C:/Users/NE72649/Desktop/Test Folder/Goodwill CALCULATION FILE.xlsx]GW Budget'!C2
2026-05-26 10:14:34,600 - INFO - ACT Step 6: relief row extraction
2026-05-26 10:14:35,088 - INFO - ACT Step 7: CFMI row extraction
2026-05-26 10:14:35,090 - INFO - ACT Step 8: building formulas
2026-05-26 10:14:44,098 - INFO - ACT Step 9: writing KPI output file
2026-05-26 10:14:47,398 - INFO - ACT KPI output written \u2192 C:/Users/NE72649/Desktop/Output_folder\NEW_KPI_P&L_April_output_FY2026-27.xlsx
2026-05-26 10:14:47,398 - INFO - ACT Step 10: writing Goodwill output file
2026-05-26 10:14:47,688 - INFO - ACT Goodwill output written
2026-05-26 10:14:47,689 - INFO - ACT completed
2026-05-26 11:28:11,421 - INFO - calculate_alternate_value_1 started
2026-05-26 11:28:11,441 - WARNING - [SKIP] DataFrame 'df_r_and_d' is empty – cells \u2192 =0
2026-05-26 11:28:11,452 - WARNING - [SKIP] DataFrame 'df_P_L_MCCP' is empty – cells \u2192 =0
2026-05-26 11:28:11,460 - WARNING - [SKIP] DataFrame 'df_itp' is empty – cells \u2192 =0
2026-05-26 11:28:11,474 - INFO - Step 1: resolving column indices
2026-05-26 11:28:11,506 - INFO - Step 2: resolving row indices
2026-05-26 11:28:11,579 - WARNING - find_fmi_row_uc(df_P_L_ROP_NE): Required label 'uc nissan' not found in first 3 columns.
2026-05-26 11:28:11,594 - WARNING - find_fmi_row_as(df_P_L_ROP_NE): Required label 'as nissan' not found in first 3 columns.
2026-05-26 11:28:11,606 - WARNING - find_fmi_row_export(df_P_L_ROP_NE): Required label 'nissan export' not found in first 3 columns.
2026-05-26 11:28:11,625 - WARNING - tax_and_public(df_P_L_HQ): 'DataFrame' object has no attribute 'applymap'
2026-05-26 11:28:11,653 - WARNING - operating_profit(df_P_L_HQ): 'DataFrame' object has no attribute 'applymap'
2026-05-26 11:28:12,088 - WARNING - _int(): could not convert 'Not found' to int – using 0
2026-05-26 11:28:12,089 - WARNING - _int(): could not convert 'Not found' to int – using 0
2026-05-26 11:28:12,089 - WARNING - _int(): could not convert 'Not found' to int – using 0
2026-05-26 11:28:12,090 - WARNING - _int(): could not convert 'Not found' to int – using 0
2026-05-26 11:28:12,091 - WARNING - _int(): could not convert 'Not found' to int – using 0
2026-05-26 11:28:12,091 - WARNING - _int(): could not convert 'Not found' to int – using 0
2026-05-26 11:28:12,092 - WARNING - _int(): could not convert 'Not found' to int – using 0
2026-05-26 11:28:12,092 - WARNING - _int(): could not convert 'Not found' to int – using 0
2026-05-26 11:28:12,093 - WARNING - _int(): could not convert 'Not found' to int – using 0
2026-05-26 11:28:12,093 - WARNING - _int(): could not convert 'Not found' to int – using 0
2026-05-26 11:28:12,094 - WARNING - _int(): could not convert 'Not found' to int – using 0
2026-05-26 11:28:12,123 - WARNING - energy_tgk_68(df_hQ_items): 'DataFrame' object has no attribute 'applymap'
2026-05-26 11:28:12,123 - INFO - Step 3: building formula strings
2026-05-26 11:31:49,219 - INFO - Step 4: building cell update tables
2026-05-26 11:31:49,222 - INFO - Step 5: writing output file
2026-05-26 11:33:13,424 - INFO - P&L output written \u2192 C:/Users/NE72649/Desktop/Output_folder\FY25 P&L Summary April_output_FY2026-27.xlsx  (302.0s)
2026-05-26 11:33:13,426 - INFO - Z-Audit report written \u2192 C:/Users/NE72649/Desktop/Output_folder\zero_population_audit_20260526_112811.txt  (59 zero events)
2026-05-26 11:33:13,426 - INFO - Z-Audit report \u2192 C:/Users/NE72649/Desktop/Output_folder\zero_population_audit_20260526_112811.txt
2026-05-26 11:33:13,426 - INFO - Step 6: calling ACT
2026-05-26 11:33:13,426 - INFO - ACT started
2026-05-26 11:33:13,427 - INFO - ACT Step 1: resolving column indices
2026-05-26 11:33:14,557 - INFO - ACT Step 2: OSP lookups
2026-05-26 11:33:14,561 - INFO - ACT Step 3: HFM Managerial re-read
2026-05-26 11:33:14,561 - WARNING - find_values_pandas_HFM: 'DataFrame' object has no attribute 'applymap'
2026-05-26 11:33:22,583 - INFO - HMF Managerial re-read OK
2026-05-26 11:33:22,583 - INFO - ACT Step 4: building HFM formula block
2026-05-26 11:33:24,951 - INFO - ACT Step 5: goodwill row extraction
2026-05-26 11:33:24,964 - INFO - Goodwill f1=='[C:/Users/NE72649/Desktop/Test Folder_KD/Goodwill CALCULATION FILE.xlsx]GW Budget'!C2
2026-05-26 11:33:24,964 - INFO - ACT Step 6: relief row extraction
2026-05-26 11:33:25,464 - INFO - ACT Step 7: CFMI row extraction
2026-05-26 11:33:25,466 - INFO - ACT Step 8: building formulas
2026-05-26 11:33:35,214 - INFO - ACT Step 9: writing KPI output file
2026-05-26 11:33:39,093 - INFO - ACT KPI output written \u2192 C:/Users/NE72649/Desktop/Output_folder\NEW_KPI_P&L_April_output_FY2026-27.xlsx
2026-05-26 11:33:39,094 - INFO - ACT Step 10: writing Goodwill output file
2026-05-26 11:33:39,385 - INFO - ACT Goodwill output written
2026-05-26 11:33:39,385 - INFO - ACT completed
2026-05-26 12:29:26,331 - INFO - ACT triggered
2026-05-26 12:29:26,331 - INFO - Submit_2 triggered
2026-05-26 12:29:26,332 - INFO - UI triggered
2026-05-26 12:41:50,842 - INFO - calculate_alternate_value_1 started
2026-05-26 12:41:50,843 - WARNING - [SKIP] DataFrame 'df_r_and_d' is empty – cells \u2192 =0
2026-05-26 12:41:50,843 - WARNING - [SKIP] DataFrame 'df_P_L_MCCP' is empty – cells \u2192 =0
2026-05-26 12:41:50,844 - WARNING - [SKIP] DataFrame 'df_itp' is empty – cells \u2192 =0
2026-05-26 12:41:50,845 - INFO - Step 1: resolving column indices
2026-05-26 12:41:50,852 - INFO - Step 2: resolving row indices
2026-05-26 12:41:50,922 - WARNING - find_fmi_row_uc(df_P_L_ROP_NE): Required label 'uc nissan' not found in first 3 columns.
2026-05-26 12:41:50,924 - WARNING - find_fmi_row_as(df_P_L_ROP_NE): Required label 'as nissan' not found in first 3 columns.
2026-05-26 12:41:50,926 - WARNING - find_fmi_row_export(df_P_L_ROP_NE): Required label 'nissan export' not found in first 3 columns.
2026-05-26 12:41:50,926 - WARNING - tax_and_public(df_P_L_HQ): 'DataFrame' object has no attribute 'applymap'
2026-05-26 12:41:50,927 - WARNING - operating_profit(df_P_L_HQ): 'DataFrame' object has no attribute 'applymap'
2026-05-26 12:41:51,371 - WARNING - _int(): could not convert 'Not found' to int – using 0
2026-05-26 12:41:51,372 - WARNING - _int(): could not convert 'Not found' to int – using 0
2026-05-26 12:41:51,373 - WARNING - _int(): could not convert 'Not found' to int – using 0
2026-05-26 12:41:51,373 - WARNING - _int(): could not convert 'Not found' to int – using 0
2026-05-26 12:41:51,374 - WARNING - _int(): could not convert 'Not found' to int – using 0
2026-05-26 12:41:51,375 - WARNING - _int(): could not convert 'Not found' to int – using 0
2026-05-26 12:41:51,376 - WARNING - _int(): could not convert 'Not found' to int – using 0
2026-05-26 12:41:51,377 - WARNING - _int(): could not convert 'Not found' to int – using 0
2026-05-26 12:41:51,378 - WARNING - _int(): could not convert 'Not found' to int – using 0
2026-05-26 12:41:51,379 - WARNING - _int(): could not convert 'Not found' to int – using 0
2026-05-26 12:41:51,380 - WARNING - _int(): could not convert 'Not found' to int – using 0
2026-05-26 12:41:51,413 - WARNING - energy_tgk_68(df_hQ_items): 'DataFrame' object has no attribute 'applymap'
2026-05-26 12:41:51,414 - INFO - Step 3: building formula strings
2026-05-26 12:45:47,904 - INFO - Step 4: building cell update tables
2026-05-26 12:45:47,907 - INFO - Step 5: writing output file
2026-05-26 12:47:07,618 - INFO - P&L output written \u2192 C:/Users/NE72649/Desktop/Output_folder\FY25 P&L Summary April_output_FY2026-27.xlsx  (316.8s)
2026-05-26 12:47:07,621 - INFO - Z-Audit report written \u2192 C:/Users/NE72649/Desktop/Output_folder\zero_population_audit_20260526_124150.txt  (59 zero events)
2026-05-26 12:47:07,621 - INFO - Z-Audit report \u2192 C:/Users/NE72649/Desktop/Output_folder\zero_population_audit_20260526_124150.txt
2026-05-26 12:47:07,622 - INFO - Step 6: calling ACT
2026-05-26 12:47:07,622 - INFO - ACT started
2026-05-26 12:47:07,623 - INFO - ACT Step 1: resolving column indices
2026-05-26 12:47:08,971 - INFO - ACT Step 2: OSP lookups
2026-05-26 12:47:08,976 - INFO - ACT Step 3: HFM Managerial re-read
2026-05-26 12:47:08,977 - WARNING - find_values_pandas_HFM: 'DataFrame' object has no attribute 'applymap'
2026-05-26 12:47:17,573 - INFO - HMF Managerial re-read OK
2026-05-26 12:47:17,574 - INFO - ACT Step 4: building HFM formula block
2026-05-26 12:47:20,020 - INFO - ACT Step 5: goodwill row extraction
2026-05-26 12:47:20,036 - INFO - Goodwill f1=='[C:/Users/NE72649/Desktop/Test Folder_KD/Goodwill CALCULATION FILE.xlsx]GW Budget'!C2
2026-05-26 12:47:20,036 - INFO - ACT Step 6: relief row extraction
2026-05-26 12:47:20,563 - INFO - ACT Step 7: CFMI row extraction
2026-05-26 12:47:20,565 - INFO - ACT Step 8: building formulas
2026-05-26 12:47:30,150 - INFO - ACT Step 9: writing KPI output file
2026-05-26 12:47:33,625 - INFO - ACT KPI output written \u2192 C:/Users/NE72649/Desktop/Output_folder\NEW_KPI_P&L_April_output_FY2026-27.xlsx
2026-05-26 12:47:33,626 - INFO - ACT Step 10: writing Goodwill output file
2026-05-26 12:47:33,928 - INFO - ACT Goodwill output written
2026-05-26 12:47:33,929 - INFO - ACT completed
2026-05-26 13:50:18,769 - INFO - calculate_alternate_value_1 started
2026-05-26 13:50:18,769 - WARNING - [SKIP] DataFrame 'df_P_L_MCCP' is empty – cells \u2192 =0
2026-05-26 13:50:18,770 - WARNING - [SKIP] DataFrame 'df_itp' is empty – cells \u2192 =0
2026-05-26 13:50:18,771 - INFO - Step 1: resolving column indices
2026-05-26 13:50:18,779 - INFO - Step 2: resolving row indices
2026-05-26 13:50:18,844 - WARNING - find_R_and_D_File(df_r_and_d): 'DataFrame' object has no attribute 'applymap'
2026-05-26 13:50:18,846 - WARNING - find_fmi_row_uc(df_P_L_ROP_NE): Required label 'uc nissan' not found in first 3 columns.
2026-05-26 13:50:18,847 - WARNING - find_fmi_row_as(df_P_L_ROP_NE): Required label 'as nissan' not found in first 3 columns.
2026-05-26 13:50:18,849 - WARNING - find_fmi_row_export(df_P_L_ROP_NE): Required label 'nissan export' not found in first 3 columns.
2026-05-26 13:50:18,849 - WARNING - tax_and_public(df_P_L_HQ): 'DataFrame' object has no attribute 'applymap'
2026-05-26 13:50:18,850 - WARNING - operating_profit(df_P_L_HQ): 'DataFrame' object has no attribute 'applymap'
2026-05-26 13:50:19,295 - WARNING - _int(): could not convert 'Not found' to int – using 0
2026-05-26 13:50:19,296 - WARNING - _int(): could not convert 'Not found' to int – using 0
2026-05-26 13:50:19,296 - WARNING - _int(): could not convert 'Not found' to int – using 0
2026-05-26 13:50:19,297 - WARNING - _int(): could not convert 'Not found' to int – using 0
2026-05-26 13:50:19,297 - WARNING - _int(): could not convert 'Not found' to int – using 0
2026-05-26 13:50:19,298 - WARNING - _int(): could not convert 'Not found' to int – using 0
2026-05-26 13:50:19,298 - WARNING - _int(): could not convert 'Not found' to int – using 0
2026-05-26 13:50:19,298 - WARNING - _int(): could not convert 'Not found' to int – using 0
2026-05-26 13:50:19,299 - WARNING - _int(): could not convert 'Not found' to int – using 0
2026-05-26 13:50:19,299 - WARNING - _int(): could not convert 'Not found' to int – using 0
2026-05-26 13:50:19,300 - WARNING - _int(): could not convert 'Not found' to int – using 0
2026-05-26 13:50:19,333 - WARNING - energy_tgk_68(df_hQ_items): 'DataFrame' object has no attribute 'applymap'
2026-05-26 13:50:19,333 - INFO - Step 3: building formula strings
2026-05-26 13:54:13,467 - INFO - Step 4: building cell update tables
2026-05-26 13:54:13,469 - INFO - Step 5: writing output file
2026-05-26 13:55:34,811 - INFO - P&L output written \u2192 C:/Users/NE72649/Desktop/Output_folder\FY25 P&L Summary April_output_FY2026-27.xlsx  (316.0s)
2026-05-26 13:55:34,815 - INFO - Z-Audit report written \u2192 C:/Users/NE72649/Desktop/Output_folder\zero_population_audit_20260526_135018.txt  (59 zero events)
2026-05-26 13:55:34,816 - INFO - Z-Audit report \u2192 C:/Users/NE72649/Desktop/Output_folder\zero_population_audit_20260526_135018.txt
2026-05-26 13:55:34,816 - INFO - Step 6: calling ACT
2026-05-26 13:55:34,817 - INFO - ACT started
2026-05-26 13:55:34,818 - INFO - ACT Step 1: resolving column indices
2026-05-26 13:55:36,033 - INFO - ACT Step 2: OSP lookups
2026-05-26 13:55:36,038 - INFO - ACT Step 3: HFM Managerial re-read
2026-05-26 13:55:36,038 - WARNING - find_values_pandas_HFM: 'DataFrame' object has no attribute 'applymap'
2026-05-26 13:55:44,510 - INFO - HMF Managerial re-read OK
2026-05-26 13:55:44,511 - INFO - ACT Step 4: building HFM formula block
2026-05-26 13:55:47,091 - INFO - ACT Step 5: goodwill row extraction
2026-05-26 13:55:47,105 - INFO - Goodwill f1=='[C:/Users/NE72649/Desktop/Test Folder_KD/Goodwill CALCULATION FILE.xlsx]GW Budget'!C2
2026-05-26 13:55:47,105 - INFO - ACT Step 6: relief row extraction
2026-05-26 13:55:47,653 - INFO - ACT Step 7: CFMI row extraction
2026-05-26 13:55:47,655 - INFO - ACT Step 8: building formulas
2026-05-26 13:55:57,261 - INFO - ACT Step 9: writing KPI output file
2026-05-26 13:56:00,789 - INFO - ACT KPI output written \u2192 C:/Users/NE72649/Desktop/Output_folder\NEW_KPI_P&L_April_output_FY2026-27.xlsx
2026-05-26 13:56:00,790 - INFO - ACT Step 10: writing Goodwill output file
2026-05-26 13:56:01,088 - INFO - ACT Goodwill output written
2026-05-26 13:56:01,088 - INFO - ACT completed
2026-05-26 14:01:47,802 - INFO - calculate_alternate_value_1 started
2026-05-26 14:01:47,803 - WARNING - [SKIP] DataFrame 'df_itp' is empty – cells \u2192 =0
2026-05-26 14:01:47,804 - INFO - Step 1: resolving column indices
2026-05-26 14:01:47,814 - INFO - Step 2: resolving row indices
2026-05-26 14:01:47,906 - WARNING - find_R_and_D_File(df_r_and_d): 'DataFrame' object has no attribute 'applymap'
2026-05-26 14:01:47,909 - WARNING - find_fmi_row_uc(df_P_L_ROP_NE): Required label 'uc nissan' not found in first 3 columns.
2026-05-26 14:01:47,911 - WARNING - find_fmi_row_as(df_P_L_ROP_NE): Required label 'as nissan' not found in first 3 columns.
2026-05-26 14:01:47,914 - WARNING - find_fmi_row_export(df_P_L_ROP_NE): Required label 'nissan export' not found in first 3 columns.
2026-05-26 14:01:47,915 - WARNING - tax_and_public(df_P_L_HQ): 'DataFrame' object has no attribute 'applymap'
2026-05-26 14:01:47,916 - WARNING - operating_profit(df_P_L_HQ): 'DataFrame' object has no attribute 'applymap'
2026-05-26 14:01:48,370 - WARNING - _int(): could not convert 'Not found' to int – using 0
2026-05-26 14:01:48,371 - WARNING - _int(): could not convert 'Not found' to int – using 0
2026-05-26 14:01:48,371 - WARNING - _int(): could not convert 'Not found' to int – using 0
2026-05-26 14:01:48,372 - WARNING - _int(): could not convert 'Not found' to int – using 0
2026-05-26 14:01:48,373 - WARNING - _int(): could not convert 'Not found' to int – using 0
2026-05-26 14:01:48,374 - WARNING - _int(): could not convert 'Not found' to int – using 0
2026-05-26 14:01:48,374 - WARNING - _int(): could not convert 'Not found' to int – using 0
2026-05-26 14:01:48,375 - WARNING - _int(): could not convert 'Not found' to int – using 0
2026-05-26 14:01:48,376 - WARNING - _int(): could not convert 'Not found' to int – using 0
2026-05-26 14:01:48,377 - WARNING - _int(): could not convert 'Not found' to int – using 0
2026-05-26 14:01:48,377 - WARNING - _int(): could not convert 'Not found' to int – using 0
2026-05-26 14:01:48,409 - WARNING - energy_tgk_68(df_hQ_items): 'DataFrame' object has no attribute 'applymap'
2026-05-26 14:01:48,410 - INFO - Step 3: building formula strings
2026-05-26 14:05:45,885 - INFO - Step 4: building cell update tables
2026-05-26 14:05:45,887 - INFO - Step 5: writing output file
2026-05-26 14:07:07,657 - INFO - P&L output written \u2192 C:/Users/NE72649/Desktop/Output_folder\FY25 P&L Summary April_output_FY2026-27.xlsx  (319.9s)
2026-05-26 14:07:07,660 - INFO - Z-Audit report written \u2192 C:/Users/NE72649/Desktop/Output_folder\zero_population_audit_20260526_140147.txt  (56 zero events)
2026-05-26 14:07:07,661 - INFO - Z-Audit report \u2192 C:/Users/NE72649/Desktop/Output_folder\zero_population_audit_20260526_140147.txt
2026-05-26 14:07:07,662 - INFO - Step 6: calling ACT
2026-05-26 14:07:07,662 - INFO - ACT started
2026-05-26 14:07:07,663 - INFO - ACT Step 1: resolving column indices
2026-05-26 14:07:09,043 - INFO - ACT Step 2: OSP lookups
2026-05-26 14:07:09,048 - INFO - ACT Step 3: HFM Managerial re-read
2026-05-26 14:07:09,049 - WARNING - find_values_pandas_HFM: 'DataFrame' object has no attribute 'applymap'
2026-05-26 14:07:17,536 - INFO - HMF Managerial re-read OK
2026-05-26 14:07:17,536 - INFO - ACT Step 4: building HFM formula block
2026-05-26 14:07:20,089 - INFO - ACT Step 5: goodwill row extraction
2026-05-26 14:07:20,102 - INFO - Goodwill f1=='[C:/Users/NE72649/Desktop/Test Folder_KD/Goodwill CALCULATION FILE.xlsx]GW Budget'!C2
2026-05-26 14:07:20,103 - INFO - ACT Step 6: relief row extraction
2026-05-26 14:07:20,647 - INFO - ACT Step 7: CFMI row extraction
2026-05-26 14:07:20,649 - INFO - ACT Step 8: building formulas
2026-05-26 14:07:30,496 - INFO - ACT Step 9: writing KPI output file
2026-05-26 14:07:34,134 - INFO - ACT KPI output written \u2192 C:/Users/NE72649/Desktop/Output_folder\NEW_KPI_P&L_April_output_FY2026-27.xlsx
2026-05-26 14:07:34,134 - INFO - ACT Step 10: writing Goodwill output file
2026-05-26 14:07:34,500 - INFO - ACT Goodwill output written
2026-05-26 14:07:34,522 - INFO - ACT completed
2026-05-26 14:32:53,543 - INFO - ACT triggered
2026-05-26 14:32:53,544 - INFO - Submit_2 triggered
2026-05-26 14:32:53,544 - INFO - UI triggered
2026-05-26 14:35:00,316 - INFO - calculate_alternate_value_1 started
2026-05-26 14:35:00,317 - WARNING - [SKIP] DataFrame 'df_itp' is empty – cells \u2192 =0
2026-05-26 14:35:00,319 - INFO - Step 1: resolving column indices
2026-05-26 14:35:00,330 - INFO - Step 2: resolving row indices
2026-05-26 14:35:00,406 - WARNING - find_fmi_row_uc(df_P_L_ROP_NE): Required label 'uc nissan' not found in first 3 columns.
2026-05-26 14:35:00,408 - WARNING - find_fmi_row_as(df_P_L_ROP_NE): Required label 'as nissan' not found in first 3 columns.
2026-05-26 14:35:00,409 - WARNING - find_fmi_row_export(df_P_L_ROP_NE): Required label 'nissan export' not found in first 3 columns.
2026-05-26 14:35:00,410 - WARNING - tax_and_public(df_P_L_HQ): 'DataFrame' object has no attribute 'applymap'
2026-05-26 14:35:00,411 - WARNING - operating_profit(df_P_L_HQ): 'DataFrame' object has no attribute 'applymap'
2026-05-26 14:35:00,861 - WARNING - _int(): could not convert 'Not found' to int – using 0
2026-05-26 14:35:00,861 - WARNING - _int(): could not convert 'Not found' to int – using 0
2026-05-26 14:35:00,862 - WARNING - _int(): could not convert 'Not found' to int – using 0
2026-05-26 14:35:00,862 - WARNING - _int(): could not convert 'Not found' to int – using 0
2026-05-26 14:35:00,863 - WARNING - _int(): could not convert 'Not found' to int – using 0
2026-05-26 14:35:00,863 - WARNING - _int(): could not convert 'Not found' to int – using 0
2026-05-26 14:35:00,864 - WARNING - _int(): could not convert 'Not found' to int – using 0
2026-05-26 14:35:00,864 - WARNING - _int(): could not convert 'Not found' to int – using 0
2026-05-26 14:35:00,865 - WARNING - _int(): could not convert 'Not found' to int – using 0
2026-05-26 14:35:00,865 - WARNING - _int(): could not convert 'Not found' to int – using 0
2026-05-26 14:35:00,866 - WARNING - _int(): could not convert 'Not found' to int – using 0
2026-05-26 14:35:00,896 - WARNING - energy_tgk_68(df_hQ_items): 'DataFrame' object has no attribute 'applymap'
2026-05-26 14:35:00,897 - INFO - Step 3: building formula strings
2026-05-26 14:38:57,541 - INFO - Step 4: building cell update tables
2026-05-26 14:38:57,546 - INFO - Step 5: writing output file
2026-05-26 14:40:20,649 - INFO - P&L output written \u2192 C:/Users/NE72649/Desktop/Output_folder\FY25 P&L Summary April_output_FY2026-27.xlsx  (320.3s)
2026-05-26 14:40:20,652 - INFO - Z-Audit report written \u2192 C:/Users/NE72649/Desktop/Output_folder\zero_population_audit_20260526_143500.txt  (59 zero events)
2026-05-26 14:40:20,653 - INFO - Z-Audit report \u2192 C:/Users/NE72649/Desktop/Output_folder\zero_population_audit_20260526_143500.txt
2026-05-26 14:40:20,653 - INFO - Step 6: calling ACT
2026-05-26 14:40:20,654 - INFO - ACT started
2026-05-26 14:40:20,655 - INFO - ACT Step 1: resolving column indices
2026-05-26 14:40:22,175 - INFO - ACT Step 2: OSP lookups
2026-05-26 14:40:22,181 - INFO - ACT Step 3: HFM Managerial re-read
2026-05-26 14:40:22,182 - WARNING - find_values_pandas_HFM: 'DataFrame' object has no attribute 'applymap'
2026-05-26 14:40:31,006 - INFO - HMF Managerial re-read OK
2026-05-26 14:40:31,007 - INFO - ACT Step 4: building HFM formula block
2026-05-26 14:40:33,453 - INFO - ACT Step 5: goodwill row extraction
2026-05-26 14:40:33,467 - INFO - Goodwill f1=='[C:/Users/NE72649/Desktop/Test Folder_KD/Goodwill CALCULATION FILE.xlsx]GW Budget'!C2
2026-05-26 14:40:33,468 - INFO - ACT Step 6: relief row extraction
2026-05-26 14:40:34,010 - INFO - ACT Step 7: CFMI row extraction
2026-05-26 14:40:34,013 - INFO - ACT Step 8: building formulas
2026-05-26 14:40:44,129 - INFO - ACT Step 9: writing KPI output file
2026-05-26 14:40:47,911 - INFO - ACT KPI output written \u2192 C:/Users/NE72649/Desktop/Output_folder\NEW_KPI_P&L_April_output_FY2026-27.xlsx
2026-05-26 14:40:47,912 - INFO - ACT Step 10: writing Goodwill output file
2026-05-26 14:40:48,413 - INFO - ACT Goodwill output written
2026-05-26 14:40:48,414 - INFO - ACT completed
2026-05-26 15:27:39,645 - INFO - ACT triggered
2026-05-26 15:27:39,645 - INFO - Submit_2 triggered
2026-05-26 15:27:39,645 - INFO - UI triggered
2026-05-26 15:31:20,722 - INFO - calculate_alternate_value_1 started
2026-05-26 15:31:20,723 - WARNING - [SKIP] DataFrame 'df_itp' is empty – cells \u2192 =0
2026-05-26 15:31:20,724 - INFO - Step 1: resolving column indices
2026-05-26 15:31:20,735 - INFO - Step 2: resolving row indices
2026-05-26 15:31:20,821 - WARNING - find_fmi_row_uc(df_P_L_ROP_NE): Required label 'uc nissan' not found in first 3 columns.
2026-05-26 15:31:20,822 - WARNING - find_fmi_row_as(df_P_L_ROP_NE): Required label 'as nissan' not found in first 3 columns.
2026-05-26 15:31:20,824 - WARNING - find_fmi_row_export(df_P_L_ROP_NE): Required label 'nissan export' not found in first 3 columns.
2026-05-26 15:31:21,426 - WARNING - _int(): could not convert 'Not found' to int – using 0
2026-05-26 15:31:21,426 - WARNING - _int(): could not convert 'Not found' to int – using 0
2026-05-26 15:31:21,427 - WARNING - _int(): could not convert 'Not found' to int – using 0
2026-05-26 15:31:21,427 - WARNING - _int(): could not convert 'Not found' to int – using 0
2026-05-26 15:31:21,428 - WARNING - _int(): could not convert 'Not found' to int – using 0
2026-05-26 15:31:21,429 - WARNING - _int(): could not convert 'Not found' to int – using 0
2026-05-26 15:31:21,429 - WARNING - _int(): could not convert 'Not found' to int – using 0
2026-05-26 15:31:21,430 - WARNING - _int(): could not convert 'Not found' to int – using 0
2026-05-26 15:31:21,431 - WARNING - _int(): could not convert 'Not found' to int – using 0
2026-05-26 15:31:21,431 - WARNING - _int(): could not convert 'Not found' to int – using 0
2026-05-26 15:31:21,432 - WARNING - _int(): could not convert 'Not found' to int – using 0
2026-05-26 15:31:21,486 - INFO - Step 3: building formula strings
2026-05-26 15:35:15,880 - INFO - Step 4: building cell update tables
2026-05-26 15:35:15,883 - WARNING - _int(): could not convert [56] to int – using 0
2026-05-26 15:35:15,884 - WARNING - _int(): could not convert [57] to int – using 0
2026-05-26 15:35:15,884 - WARNING - _int(): could not convert [60] to int – using 0
2026-05-26 15:35:15,885 - WARNING - _int(): could not convert [61] to int – using 0
2026-05-26 15:35:15,887 - INFO - Step 5: writing output file
2026-05-26 15:36:38,863 - INFO - P&L output written \u2192 C:/Users/NE72649/Desktop/Output_folder\FY25 P&L Summary April_output_FY2026-27.xlsx  (318.1s)
2026-05-26 15:36:38,866 - INFO - Z-Audit report written \u2192 C:/Users/NE72649/Desktop/Output_folder\zero_population_audit_20260526_153120.txt  (41 zero events)
2026-05-26 15:36:38,866 - INFO - Z-Audit report \u2192 C:/Users/NE72649/Desktop/Output_folder\zero_population_audit_20260526_153120.txt
2026-05-26 15:36:38,867 - INFO - Step 6: calling ACT
2026-05-26 15:36:38,867 - INFO - ACT started
2026-05-26 15:36:38,869 - INFO - ACT Step 1: resolving column indices
2026-05-26 15:36:40,434 - INFO - ACT Step 2: OSP lookups
2026-05-26 15:36:40,441 - INFO - ACT Step 3: HFM Managerial re-read
2026-05-26 15:36:40,442 - WARNING - find_values_pandas_HFM: 'DataFrame' object has no attribute 'applymap'
2026-05-26 15:36:48,942 - INFO - HMF Managerial re-read OK
2026-05-26 15:36:48,942 - INFO - ACT Step 4: building HFM formula block
2026-05-26 15:36:51,443 - INFO - ACT Step 5: goodwill row extraction
2026-05-26 15:36:51,457 - INFO - Goodwill f1=='[C:/Users/NE72649/Desktop/Test Folder_KD/Goodwill CALCULATION FILE.xlsx]GW Budget'!C2
2026-05-26 15:36:51,458 - INFO - ACT Step 6: relief row extraction
2026-05-26 15:36:51,987 - INFO - ACT Step 7: CFMI row extraction
2026-05-26 15:36:51,989 - INFO - ACT Step 8: building formulas
2026-05-26 15:37:01,442 - INFO - ACT Step 9: writing KPI output file
2026-05-26 15:37:04,902 - INFO - ACT KPI output written \u2192 C:/Users/NE72649/Desktop/Output_folder\NEW_KPI_P&L_April_output_FY2026-27.xlsx
2026-05-26 15:37:04,903 - INFO - ACT Step 10: writing Goodwill output file
2026-05-26 15:37:05,191 - INFO - ACT Goodwill output written
2026-05-26 15:37:05,191 - INFO - ACT completed
2026-05-26 17:27:47,215 - INFO - ACT triggered
2026-05-26 17:27:47,216 - INFO - Submit_2 triggered
2026-05-26 17:27:47,216 - INFO - UI triggered
2026-05-26 17:29:50,759 - INFO - calculate_alternate_value_1 started
2026-05-26 17:29:50,760 - WARNING - [SKIP] DataFrame 'df_itp' is empty – cells \u2192 =0
2026-05-26 17:29:50,761 - INFO - Step 1: resolving column indices
2026-05-26 17:29:50,771 - INFO - Step 2: resolving row indices
2026-05-26 17:29:50,844 - WARNING - find_fmi_row_uc(df_P_L_ROP_NE): Required label 'uc nissan' not found in first 3 columns.
2026-05-26 17:29:50,846 - WARNING - find_fmi_row_as(df_P_L_ROP_NE): Required label 'as nissan' not found in first 3 columns.
2026-05-26 17:29:50,847 - WARNING - find_fmi_row_export(df_P_L_ROP_NE): Required label 'nissan export' not found in first 3 columns.
2026-05-26 17:29:51,314 - WARNING - _int(): could not convert 'Not found' to int – using 0
2026-05-26 17:29:51,314 - WARNING - _int(): could not convert 'Not found' to int – using 0
2026-05-26 17:29:51,315 - WARNING - _int(): could not convert 'Not found' to int – using 0
2026-05-26 17:29:51,315 - WARNING - _int(): could not convert 'Not found' to int – using 0
2026-05-26 17:29:51,316 - WARNING - _int(): could not convert 'Not found' to int – using 0
2026-05-26 17:29:51,316 - WARNING - _int(): could not convert 'Not found' to int – using 0
2026-05-26 17:29:51,317 - WARNING - _int(): could not convert 'Not found' to int – using 0
2026-05-26 17:29:51,317 - WARNING - _int(): could not convert 'Not found' to int – using 0
2026-05-26 17:29:51,318 - WARNING - _int(): could not convert 'Not found' to int – using 0
2026-05-26 17:29:51,318 - WARNING - _int(): could not convert 'Not found' to int – using 0
2026-05-26 17:29:51,319 - WARNING - _int(): could not convert 'Not found' to int – using 0
2026-05-26 17:29:51,350 - INFO - Step 3: building formula strings
2026-05-26 17:33:45,245 - ERROR - Error in Calculation Engine (calculate_alternate_value_1): TypeError: 'int' object is not subscriptable
2026-05-26 17:38:28,469 - INFO - ACT triggered
2026-05-26 17:38:28,470 - INFO - Submit_2 triggered
2026-05-26 17:38:28,470 - INFO - UI triggered
2026-05-26 17:40:43,108 - INFO - calculate_alternate_value_1 started
2026-05-26 17:40:43,109 - WARNING - [SKIP] DataFrame 'df_itp' is empty – cells \u2192 =0
2026-05-26 17:40:43,111 - INFO - Step 1: resolving column indices
2026-05-26 17:40:43,120 - INFO - Step 2: resolving row indices
2026-05-26 17:40:43,190 - WARNING - find_fmi_row_uc(df_P_L_ROP_NE): Required label 'uc nissan' not found in first 3 columns.
2026-05-26 17:40:43,192 - WARNING - find_fmi_row_as(df_P_L_ROP_NE): Required label 'as nissan' not found in first 3 columns.
2026-05-26 17:40:43,193 - WARNING - find_fmi_row_export(df_P_L_ROP_NE): Required label 'nissan export' not found in first 3 columns.
2026-05-26 17:40:43,642 - WARNING - _int(): could not convert 'Not found' to int – using 0
2026-05-26 17:40:43,643 - WARNING - _int(): could not convert 'Not found' to int – using 0
2026-05-26 17:40:43,643 - WARNING - _int(): could not convert 'Not found' to int – using 0
2026-05-26 17:40:43,644 - WARNING - _int(): could not convert 'Not found' to int – using 0
2026-05-26 17:40:43,644 - WARNING - _int(): could not convert 'Not found' to int – using 0
2026-05-26 17:40:43,645 - WARNING - _int(): could not convert 'Not found' to int – using 0
2026-05-26 17:40:43,645 - WARNING - _int(): could not convert 'Not found' to int – using 0
2026-05-26 17:40:43,646 - WARNING - _int(): could not convert 'Not found' to int – using 0
2026-05-26 17:40:43,647 - WARNING - _int(): could not convert 'Not found' to int – using 0
2026-05-26 17:40:43,649 - WARNING - _int(): could not convert 'Not found' to int – using 0
2026-05-26 17:40:43,650 - WARNING - _int(): could not convert 'Not found' to int – using 0
2026-05-26 17:40:43,682 - INFO - Step 3: building formula strings
2026-05-26 17:44:47,077 - INFO - Step 4: building cell update tables
2026-05-26 17:44:47,080 - INFO - Step 5: writing output file
2026-05-26 17:46:06,833 - INFO - P&L output written \u2192 C:/Users/NE72649/Desktop/Output_folder\FY25 P&L Summary April_output_FY2026-27.xlsx  (323.7s)
2026-05-26 17:46:06,837 - INFO - Z-Audit report written \u2192 C:/Users/NE72649/Desktop/Output_folder\zero_population_audit_20260526_174043.txt  (20 zero events)
2026-05-26 17:46:06,838 - INFO - Z-Audit report \u2192 C:/Users/NE72649/Desktop/Output_folder\zero_population_audit_20260526_174043.txt
2026-05-26 17:46:06,839 - INFO - Step 6: calling ACT
2026-05-26 17:46:06,840 - INFO - ACT started
2026-05-26 17:46:06,841 - INFO - ACT Step 1: resolving column indices
2026-05-26 17:46:08,261 - INFO - ACT Step 2: OSP lookups
2026-05-26 17:46:08,267 - INFO - ACT Step 3: HFM Managerial re-read
2026-05-26 17:46:08,268 - WARNING - find_values_pandas_HFM: 'DataFrame' object has no attribute 'applymap'
2026-05-26 17:46:17,406 - INFO - HMF Managerial re-read OK
2026-05-26 17:46:17,407 - INFO - ACT Step 4: building HFM formula block
2026-05-26 17:46:19,934 - INFO - ACT Step 5: goodwill row extraction
2026-05-26 17:46:19,950 - INFO - Goodwill f1=='[C:/Users/NE72649/Desktop/Test Folder_KD/Goodwill CALCULATION FILE.xlsx]GW Budget'!C2
2026-05-26 17:46:19,951 - INFO - ACT Step 6: relief row extraction
2026-05-26 17:46:20,505 - INFO - ACT Step 7: CFMI row extraction
2026-05-26 17:46:20,507 - INFO - ACT Step 8: building formulas
2026-05-26 17:46:30,151 - INFO - ACT Step 9: writing KPI output file
2026-05-26 17:46:33,757 - INFO - ACT KPI output written \u2192 C:/Users/NE72649/Desktop/Output_folder\NEW_KPI_P&L_April_output_FY2026-27.xlsx
2026-05-26 17:46:33,758 - INFO - ACT Step 10: writing Goodwill output file
2026-05-26 17:46:34,061 - INFO - ACT Goodwill output written
2026-05-26 17:46:34,062 - INFO - ACT completed
2026-05-26 18:04:51,099 - INFO - ACT triggered
2026-05-26 18:04:51,099 - INFO - Submit_2 triggered
2026-05-26 18:04:51,100 - INFO - UI triggered
2026-05-26 18:08:25,571 - INFO - calculate_alternate_value_1 started
2026-05-26 18:08:25,572 - WARNING - [SKIP] DataFrame 'df_itp' is empty – cells \u2192 =0
2026-05-26 18:08:25,573 - INFO - Step 1: resolving column indices
2026-05-26 18:08:25,584 - INFO - Step 2: resolving row indices
2026-05-26 18:08:25,659 - WARNING - find_fmi_row_uc(df_P_L_ROP_NE): Required label 'uc nissan' not found in first 3 columns.
2026-05-26 18:08:25,663 - WARNING - find_fmi_row_as(df_P_L_ROP_NE): Required label 'as nissan' not found in first 3 columns.
2026-05-26 18:08:25,671 - WARNING - find_fmi_row_export(df_P_L_ROP_NE): Required label 'nissan export' not found in first 3 columns.
2026-05-26 18:08:26,143 - INFO - Step 3: building formula strings
2026-05-26 18:12:18,538 - INFO - Step 4: building cell update tables
2026-05-26 18:12:18,541 - INFO - Step 5: writing output file
2026-05-26 18:13:41,952 - INFO - P&L output written \u2192 C:/Users/NE72649/Desktop/Output_folder\FY25 P&L Summary April_output_FY2026-27.xlsx  (316.4s)
2026-05-26 18:13:41,954 - INFO - Z-Audit report written \u2192 C:/Users/NE72649/Desktop/Output_folder\zero_population_audit_20260526_180825.txt  (9 zero events)
2026-05-26 18:13:41,955 - INFO - Z-Audit report \u2192 C:/Users/NE72649/Desktop/Output_folder\zero_population_audit_20260526_180825.txt
2026-05-26 18:13:41,955 - INFO - Step 6: calling ACT
2026-05-26 18:13:41,956 - INFO - ACT started
2026-05-26 18:13:41,957 - INFO - ACT Step 1: resolving column indices
2026-05-26 18:13:43,297 - INFO - ACT Step 2: OSP lookups
2026-05-26 18:13:43,302 - INFO - ACT Step 3: HFM Managerial re-read
2026-05-26 18:13:43,303 - WARNING - find_values_pandas_HFM: 'DataFrame' object has no attribute 'applymap'
2026-05-26 18:13:51,881 - INFO - HMF Managerial re-read OK
2026-05-26 18:13:51,881 - INFO - ACT Step 4: building HFM formula block
2026-05-26 18:13:54,464 - INFO - ACT Step 5: goodwill row extraction
2026-05-26 18:13:54,477 - INFO - Goodwill f1=='[C:/Users/NE72649/Desktop/Test Folder_KD/Goodwill CALCULATION FILE.xlsx]GW Budget'!C2
2026-05-26 18:13:54,478 - INFO - ACT Step 6: relief row extraction
2026-05-26 18:13:55,019 - INFO - ACT Step 7: CFMI row extraction
2026-05-26 18:13:55,021 - INFO - ACT Step 8: building formulas
2026-05-26 18:14:05,046 - INFO - ACT Step 9: writing KPI output file
2026-05-26 18:14:08,580 - INFO - ACT KPI output written \u2192 C:/Users/NE72649/Desktop/Output_folder\NEW_KPI_P&L_April_output_FY2026-27.xlsx
2026-05-26 18:14:08,581 - INFO - ACT Step 10: writing Goodwill output file
2026-05-26 18:14:08,867 - INFO - ACT Goodwill output written
2026-05-26 18:14:08,867 - INFO - ACT completed
2026-05-26 19:20:18,037 - INFO - ACT triggered
2026-05-26 19:20:18,038 - INFO - Submit_2 triggered
2026-05-26 19:20:18,038 - INFO - UI triggered
2026-05-26 19:22:45,985 - INFO - calculate_alternate_value_1 started
2026-05-26 19:22:45,986 - WARNING - [SKIP] DataFrame 'df_itp' is empty – cells \u2192 =0
2026-05-26 19:22:45,987 - INFO - Step 1: resolving column indices
2026-05-26 19:22:45,997 - INFO - Step 2: resolving row indices
2026-05-26 19:22:46,069 - WARNING - find_fmi_row_uc(df_P_L_ROP_NE): Required label 'uc nissan' not found in first 3 columns.
2026-05-26 19:22:46,071 - WARNING - find_fmi_row_as(df_P_L_ROP_NE): Required label 'as nissan' not found in first 3 columns.
2026-05-26 19:22:46,073 - WARNING - find_fmi_row_export(df_P_L_ROP_NE): Required label 'nissan export' not found in first 3 columns.
2026-05-26 19:22:46,562 - INFO - Step 3: building formula strings
2026-05-26 19:26:32,450 - INFO - Step 4: building cell update tables
2026-05-26 19:26:32,452 - INFO - Step 5: writing output file
2026-05-26 19:27:52,602 - INFO - P&L output written \u2192 C:/Users/NE72649/Desktop/Output_folder\FY25 P&L Summary April_output_FY2026-27.xlsx  (306.6s)
2026-05-26 19:27:52,605 - INFO - Z-Audit report written \u2192 C:/Users/NE72649/Desktop/Output_folder\zero_population_audit_20260526_192245.txt  (6 zero events)
2026-05-26 19:27:52,605 - INFO - Z-Audit report \u2192 C:/Users/NE72649/Desktop/Output_folder\zero_population_audit_20260526_192245.txt
2026-05-26 19:27:52,606 - INFO - Step 6: calling ACT
2026-05-26 19:27:52,606 - INFO - ACT started
2026-05-26 19:27:52,607 - INFO - ACT Step 1: resolving column indices
2026-05-26 19:27:53,757 - INFO - ACT Step 2: OSP lookups
2026-05-26 19:27:53,776 - INFO - ACT Step 3: HFM Managerial re-read
2026-05-26 19:27:53,777 - WARNING - find_values_pandas_HFM: 'DataFrame' object has no attribute 'applymap'
2026-05-26 19:28:02,138 - INFO - HMF Managerial re-read OK
2026-05-26 19:28:02,139 - INFO - ACT Step 4: building HFM formula block
2026-05-26 19:28:04,635 - INFO - ACT Step 5: goodwill row extraction
2026-05-26 19:28:04,648 - INFO - Goodwill f1=='[C:/Users/NE72649/Desktop/Test Folder_KD/Goodwill CALCULATION FILE.xlsx]GW Budget'!C2
2026-05-26 19:28:04,649 - INFO - ACT Step 6: relief row extraction
2026-05-26 19:28:05,161 - INFO - ACT Step 7: CFMI row extraction
2026-05-26 19:28:05,163 - INFO - ACT Step 8: building formulas
2026-05-26 19:28:14,928 - INFO - ACT Step 9: writing KPI output file
2026-05-26 19:28:18,456 - INFO - ACT KPI output written \u2192 C:/Users/NE72649/Desktop/Output_folder\NEW_KPI_P&L_April_output_FY2026-27.xlsx
2026-05-26 19:28:18,457 - INFO - ACT Step 10: writing Goodwill output file
2026-05-26 19:28:18,760 - INFO - ACT Goodwill output written
2026-05-26 19:28:18,760 - INFO - ACT completed
2026-05-26 23:08:51,618 - INFO - ACT triggered
2026-05-26 23:08:51,621 - INFO - Submit_2 triggered
2026-05-26 23:08:51,621 - INFO - UI triggered
2026-05-26 23:11:06,103 - INFO - calculate_alternate_value_1 started
2026-05-26 23:11:06,129 - WARNING - [SKIP] DataFrame 'df_itp' is empty – cells \u2192 =0
2026-05-26 23:11:06,143 - INFO - Step 1: resolving column indices
2026-05-26 23:11:06,182 - INFO - Step 2: resolving row indices
2026-05-26 23:11:06,247 - WARNING - find_fmi_row_uc(df_P_L_ROP_NE): Required label 'uc nissan' not found in first 3 columns.
2026-05-26 23:11:06,274 - WARNING - find_fmi_row_as(df_P_L_ROP_NE): Required label 'as nissan' not found in first 3 columns.
2026-05-26 23:11:06,299 - WARNING - find_fmi_row_export(df_P_L_ROP_NE): Required label 'nissan export' not found in first 3 columns.
2026-05-26 23:11:06,786 - INFO - Step 3: building formula strings
2026-05-26 23:14:43,355 - INFO - Step 4: building cell update tables
2026-05-26 23:14:43,357 - INFO - Step 5: writing output file
2026-05-26 23:16:04,577 - INFO - P&L output written \u2192 C:/Users/NE72649/Desktop/Output_folder\FY25 P&L Summary April_output_FY2026-27.xlsx  (298.5s)
2026-05-26 23:16:04,579 - INFO - Z-Audit report written \u2192 C:/Users/NE72649/Desktop/Output_folder\zero_population_audit_20260526_231106.txt  (6 zero events)
2026-05-26 23:16:04,579 - INFO - Z-Audit report \u2192 C:/Users/NE72649/Desktop/Output_folder\zero_population_audit_20260526_231106.txt
2026-05-26 23:16:04,580 - INFO - Step 6: calling ACT
2026-05-26 23:16:04,580 - INFO - ACT started
2026-05-26 23:16:04,580 - INFO - ACT Step 1: resolving column indices
2026-05-26 23:16:05,893 - INFO - ACT Step 2: OSP lookups
2026-05-26 23:16:05,897 - INFO - ACT Step 3: HFM Managerial re-read
2026-05-26 23:16:05,898 - WARNING - find_values_pandas_HFM: 'DataFrame' object has no attribute 'applymap'
2026-05-26 23:16:14,229 - INFO - HMF Managerial re-read OK
2026-05-26 23:16:14,230 - INFO - ACT Step 4: building HFM formula block
2026-05-26 23:16:16,469 - INFO - ACT Step 5: goodwill row extraction
2026-05-26 23:16:16,483 - INFO - Goodwill f1=='[C:/Users/NE72649/Desktop/Test Folder_KD/Goodwill CALCULATION FILE.xlsx]GW Budget'!C2
2026-05-26 23:16:16,484 - INFO - ACT Step 6: relief row extraction
2026-05-26 23:16:16,969 - INFO - ACT Step 7: CFMI row extraction
2026-05-26 23:16:16,971 - INFO - ACT Step 8: building formulas
2026-05-26 23:16:25,871 - INFO - ACT Step 9: writing KPI output file
2026-05-26 23:16:29,247 - INFO - ACT KPI output written \u2192 C:/Users/NE72649/Desktop/Output_folder\NEW_KPI_P&L_April_output_FY2026-27.xlsx
2026-05-26 23:16:29,247 - INFO - ACT Step 10: writing Goodwill output file
2026-05-26 23:16:29,555 - INFO - ACT Goodwill output written
2026-05-26 23:16:29,555 - INFO - ACT completed
2026-05-26 23:59:11,595 - INFO - ACT triggered
2026-05-26 23:59:11,595 - INFO - Submit_2 triggered
2026-05-26 23:59:11,596 - INFO - UI triggered
2026-05-27 00:24:32,945 - INFO - ACT triggered
2026-05-27 00:24:32,945 - INFO - Submit_2 triggered
2026-05-27 00:24:32,945 - INFO - UI triggered
2026-05-27 00:26:27,346 - INFO - calculate_alternate_value_1 started
2026-05-27 00:26:27,347 - WARNING - [SKIP] DataFrame 'df_r_and_d' is empty – cells \u2192 =0
2026-05-27 00:26:27,348 - WARNING - [SKIP] DataFrame 'df_P_L_MCCP' is empty – cells \u2192 =0
2026-05-27 00:26:27,349 - WARNING - [SKIP] DataFrame 'df_itp' is empty – cells \u2192 =0
2026-05-27 00:26:27,350 - INFO - Step 1: resolving column indices
2026-05-27 00:26:27,357 - INFO - Step 2: resolving row indices
2026-05-27 00:26:27,418 - WARNING - find_fmi_row_uc(df_P_L_ROP_NE): Required label 'uc nissan' not found in first 3 columns.
2026-05-27 00:26:27,420 - WARNING - find_fmi_row_as(df_P_L_ROP_NE): Required label 'as nissan' not found in first 3 columns.
2026-05-27 00:26:27,421 - WARNING - find_fmi_row_export(df_P_L_ROP_NE): Required label 'nissan export' not found in first 3 columns.
2026-05-27 00:26:27,859 - INFO - Step 3: building formula strings
2026-05-27 00:30:01,874 - INFO - Step 4: building cell update tables
2026-05-27 00:30:01,876 - INFO - Step 5: writing output file
2026-05-27 00:31:41,065 - INFO - P&L output written \u2192 C:/Users/NE72649/Desktop/Output_folder\FY25 P&L Summary April_output_FY2026-27.xlsx  (313.7s)
2026-05-27 00:31:41,067 - INFO - Z-Audit report written \u2192 C:/Users/NE72649/Desktop/Output_folder\zero_population_audit_20260527_002627.txt  (17 zero events)
2026-05-27 00:31:41,067 - INFO - Z-Audit report \u2192 C:/Users/NE72649/Desktop/Output_folder\zero_population_audit_20260527_002627.txt
2026-05-27 00:31:41,067 - INFO - Step 6: calling ACT
2026-05-27 00:31:41,067 - INFO - ACT started
2026-05-27 00:31:41,068 - INFO - ACT Step 1: resolving column indices
2026-05-27 00:31:42,214 - INFO - ACT Step 2: OSP lookups
2026-05-27 00:31:42,281 - INFO - ACT Step 3: HFM Managerial re-read
2026-05-27 00:31:42,282 - WARNING - find_values_pandas_HFM: 'DataFrame' object has no attribute 'applymap'
2026-05-27 00:31:51,007 - INFO - HMF Managerial re-read OK
2026-05-27 00:31:51,007 - INFO - ACT Step 4: building HFM formula block
2026-05-27 00:31:53,572 - INFO - ACT Step 5: goodwill row extraction
2026-05-27 00:31:53,585 - INFO - Goodwill f1=='[C:/Users/NE72649/Desktop/Test Folder/Goodwill CALCULATION FILE.xlsx]GW Budget'!C2
2026-05-27 00:31:53,585 - INFO - ACT Step 6: relief row extraction
2026-05-27 00:31:54,122 - INFO - ACT Step 7: CFMI row extraction
2026-05-27 00:31:54,212 - INFO - ACT Step 8: building formulas
2026-05-27 00:32:03,808 - INFO - ACT Step 9: writing KPI output file
2026-05-27 00:32:18,142 - INFO - ACT KPI output written \u2192 C:/Users/NE72649/Desktop/Output_folder\NEW_KPI_P&L_April_output_FY2026-27.xlsx
2026-05-27 00:32:18,144 - INFO - ACT Step 10: writing Goodwill output file
2026-05-27 00:32:20,842 - INFO - ACT Goodwill output written
2026-05-27 00:32:21,198 - INFO - ACT completed
2026-05-27 08:50:06,350 - INFO - ACT triggered
2026-05-27 08:50:06,355 - INFO - Submit_2 triggered
2026-05-27 08:50:06,355 - INFO - UI triggered
2026-05-27 08:52:44,920 - INFO - calculate_alternate_value_1 started
2026-05-27 08:52:44,921 - WARNING - [SKIP] DataFrame 'df_r_and_d' is empty – cells \u2192 =0
2026-05-27 08:52:44,922 - WARNING - [SKIP] DataFrame 'df_P_L_MCCP' is empty – cells \u2192 =0
2026-05-27 08:52:44,922 - WARNING - [SKIP] DataFrame 'df_itp' is empty – cells \u2192 =0
2026-05-27 08:52:44,924 - INFO - Step 1: resolving column indices
2026-05-27 08:52:44,931 - INFO - Step 2: resolving row indices
2026-05-27 08:52:44,992 - WARNING - find_fmi_row_uc(df_P_L_ROP_NE): Required label 'uc nissan' not found in first 3 columns.
2026-05-27 08:52:44,994 - WARNING - find_fmi_row_as(df_P_L_ROP_NE): Required label 'as nissan' not found in first 3 columns.
2026-05-27 08:52:44,995 - WARNING - find_fmi_row_export(df_P_L_ROP_NE): Required label 'nissan export' not found in first 3 columns.
2026-05-27 08:52:45,480 - INFO - Step 3: building formula strings
2026-05-27 08:56:22,576 - INFO - Step 4: building cell update tables
2026-05-27 08:56:22,580 - INFO - Step 5: writing output file
2026-05-27 08:57:44,278 - INFO - P&L output written \u2192 C:/Users/NE72649/Desktop/Output_folder\FY25 P&L Summary April_output_FY2026-27.xlsx  (299.4s)
2026-05-27 08:57:44,285 - INFO - Z-Audit report written \u2192 C:/Users/NE72649/Desktop/Output_folder\zero_population_audit_20260527_085244.txt  (17 zero events)
2026-05-27 08:57:44,287 - INFO - Z-Audit report \u2192 C:/Users/NE72649/Desktop/Output_folder\zero_population_audit_20260527_085244.txt
2026-05-27 08:57:44,288 - INFO - Step 6: calling ACT
2026-05-27 08:57:44,288 - INFO - ACT started
2026-05-27 08:57:44,289 - INFO - ACT Step 1: resolving column indices
2026-05-27 08:57:45,446 - INFO - ACT Step 2: OSP lookups
2026-05-27 08:57:45,459 - INFO - ACT Step 3: HFM Managerial re-read
2026-05-27 08:57:45,470 - WARNING - find_values_pandas_HFM: 'DataFrame' object has no attribute 'applymap'
2026-05-27 08:57:53,581 - INFO - HMF Managerial re-read OK
2026-05-27 08:57:53,581 - INFO - ACT Step 4: building HFM formula block
2026-05-27 08:57:55,870 - INFO - ACT Step 5: goodwill row extraction
2026-05-27 08:57:55,883 - INFO - Goodwill f1=='[C:/Users/NE72649/Desktop/Test Folder/Goodwill CALCULATION FILE.xlsx]GW Budget'!C2
2026-05-27 08:57:55,884 - INFO - ACT Step 6: relief row extraction
2026-05-27 08:57:56,515 - INFO - ACT Step 7: CFMI row extraction
2026-05-27 08:57:56,518 - INFO - ACT Step 8: building formulas
2026-05-27 08:58:05,417 - INFO - ACT Step 9: writing KPI output file
2026-05-27 08:58:08,712 - INFO - ACT KPI output written \u2192 C:/Users/NE72649/Desktop/Output_folder\NEW_KPI_P&L_April_output_FY2026-27.xlsx
2026-05-27 08:58:08,713 - INFO - ACT Step 10: writing Goodwill output file
2026-05-27 08:58:08,998 - INFO - ACT Goodwill output written
2026-05-27 08:58:08,999 - INFO - ACT completed
2026-05-27 09:02:01,425 - INFO - calculate_alternate_value_1 started
2026-05-27 09:02:01,426 - WARNING - [SKIP] DataFrame 'df_r_and_d' is empty – cells \u2192 =0
2026-05-27 09:02:01,426 - WARNING - [SKIP] DataFrame 'df_P_L_MCCP' is empty – cells \u2192 =0
2026-05-27 09:02:01,427 - WARNING - [SKIP] DataFrame 'df_Relief_KD' is empty – cells \u2192 =0
2026-05-27 09:02:01,427 - WARNING - [SKIP] DataFrame 'df_itp' is empty – cells \u2192 =0
2026-05-27 09:02:01,429 - WARNING - [SKIP] File 'Relief KD file' path is empty – formulas \u2192 =0
2026-05-27 09:02:01,430 - INFO - Step 1: resolving column indices
2026-05-27 09:02:01,436 - INFO - Step 2: resolving row indices
2026-05-27 09:02:01,498 - WARNING - find_fmi_row_uc(df_P_L_ROP_NE): Required label 'uc nissan' not found in first 3 columns.
2026-05-27 09:02:01,500 - WARNING - find_fmi_row_as(df_P_L_ROP_NE): Required label 'as nissan' not found in first 3 columns.
2026-05-27 09:02:01,502 - WARNING - find_fmi_row_export(df_P_L_ROP_NE): Required label 'nissan export' not found in first 3 columns.
2026-05-27 09:02:01,927 - INFO - Step 3: building formula strings
2026-05-27 09:05:39,786 - INFO - Step 4: building cell update tables
2026-05-27 09:05:39,789 - INFO - Step 5: writing output file
2026-05-27 09:07:02,560 - INFO - P&L output written \u2192 C:/Users/NE72649/Desktop/Output_folder\FY25 P&L Summary April_output_FY2026-27.xlsx  (301.1s)
2026-05-27 09:07:02,563 - INFO - Z-Audit report written \u2192 C:/Users/NE72649/Desktop/Output_folder\zero_population_audit_20260527_090201.txt  (29 zero events)
2026-05-27 09:07:02,564 - INFO - Z-Audit report \u2192 C:/Users/NE72649/Desktop/Output_folder\zero_population_audit_20260527_090201.txt
2026-05-27 09:07:02,564 - INFO - Step 6: calling ACT
2026-05-27 09:07:02,565 - INFO - ACT started
2026-05-27 09:07:02,566 - INFO - ACT Step 1: resolving column indices
2026-05-27 09:07:03,897 - INFO - ACT Step 2: OSP lookups
2026-05-27 09:07:03,901 - INFO - ACT Step 3: HFM Managerial re-read
2026-05-27 09:07:03,902 - WARNING - find_values_pandas_HFM: 'DataFrame' object has no attribute 'applymap'
2026-05-27 09:07:11,907 - INFO - HMF Managerial re-read OK
2026-05-27 09:07:11,908 - INFO - ACT Step 4: building HFM formula block
2026-05-27 09:07:14,134 - INFO - ACT Step 5: goodwill row extraction
2026-05-27 09:07:14,146 - INFO - Goodwill f1=='[C:/Users/NE72649/Desktop/Test Folder/Goodwill CALCULATION FILE.xlsx]GW Budget'!C2
2026-05-27 09:07:14,147 - INFO - ACT Step 6: relief row extraction
2026-05-27 09:07:14,634 - INFO - ACT Step 7: CFMI row extraction
2026-05-27 09:07:14,636 - INFO - ACT Step 8: building formulas
2026-05-27 09:07:23,698 - INFO - ACT Step 9: writing KPI output file
2026-05-27 09:07:27,008 - INFO - ACT KPI output written \u2192 C:/Users/NE72649/Desktop/Output_folder\NEW_KPI_P&L_April_output_FY2026-27.xlsx
2026-05-27 09:07:27,009 - INFO - ACT Step 10: writing Goodwill output file
2026-05-27 09:07:27,302 - INFO - ACT Goodwill output written
2026-05-27 09:07:27,303 - INFO - ACT completed
2026-05-27 09:11:40,466 - INFO - calculate_alternate_value_1 started
2026-05-27 09:11:40,467 - WARNING - [SKIP] DataFrame 'df_itp' is empty – cells \u2192 =0
2026-05-27 09:11:40,468 - INFO - Step 1: resolving column indices
2026-05-27 09:11:40,478 - INFO - Step 2: resolving row indices
2026-05-27 09:11:40,539 - WARNING - find_fmi_row_uc(df_P_L_ROP_NE): Required label 'uc nissan' not found in first 3 columns.
2026-05-27 09:11:40,541 - WARNING - find_fmi_row_as(df_P_L_ROP_NE): Required label 'as nissan' not found in first 3 columns.
2026-05-27 09:11:40,542 - WARNING - find_fmi_row_export(df_P_L_ROP_NE): Required label 'nissan export' not found in first 3 columns.
2026-05-27 09:11:40,969 - INFO - Step 3: building formula strings
2026-05-27 09:15:17,677 - INFO - Step 4: building cell update tables
2026-05-27 09:15:17,679 - INFO - Step 5: writing output file
2026-05-27 09:16:39,979 - INFO - P&L output written \u2192 C:/Users/NE72649/Desktop/Output_folder\FY25 P&L Summary April_output_FY2026-27.xlsx  (299.5s)
2026-05-27 09:16:39,981 - INFO - Z-Audit report written \u2192 C:/Users/NE72649/Desktop/Output_folder\zero_population_audit_20260527_091140.txt  (9 zero events)
2026-05-27 09:16:39,982 - INFO - Z-Audit report \u2192 C:/Users/NE72649/Desktop/Output_folder\zero_population_audit_20260527_091140.txt
2026-05-27 09:16:39,982 - INFO - Step 6: calling ACT
2026-05-27 09:16:39,983 - INFO - ACT started
2026-05-27 09:16:39,984 - INFO - ACT Step 1: resolving column indices
2026-05-27 09:16:41,118 - INFO - ACT Step 2: OSP lookups
2026-05-27 09:16:41,123 - INFO - ACT Step 3: HFM Managerial re-read
2026-05-27 09:16:41,123 - WARNING - find_values_pandas_HFM: 'DataFrame' object has no attribute 'applymap'
2026-05-27 09:16:49,329 - INFO - HMF Managerial re-read OK
2026-05-27 09:16:49,330 - INFO - ACT Step 4: building HFM formula block
2026-05-27 09:16:51,627 - INFO - ACT Step 5: goodwill row extraction
2026-05-27 09:16:51,639 - INFO - Goodwill f1=='[C:/Users/NE72649/Desktop/Test Folder_KD/Goodwill CALCULATION FILE.xlsx]GW Budget'!C2
2026-05-27 09:16:51,640 - INFO - ACT Step 6: relief row extraction
2026-05-27 09:16:52,117 - INFO - ACT Step 7: CFMI row extraction
2026-05-27 09:16:52,119 - INFO - ACT Step 8: building formulas
2026-05-27 09:17:00,829 - INFO - ACT Step 9: writing KPI output file
2026-05-27 09:17:04,110 - INFO - ACT KPI output written \u2192 C:/Users/NE72649/Desktop/Output_folder\NEW_KPI_P&L_April_output_FY2026-27.xlsx
2026-05-27 09:17:04,111 - INFO - ACT Step 10: writing Goodwill output file
2026-05-27 09:17:04,377 - INFO - ACT Goodwill output written
2026-05-27 09:17:04,377 - INFO - ACT completed
2026-05-27 09:37:56,530 - INFO - ACT triggered
2026-05-27 09:37:56,530 - INFO - Submit_2 triggered
2026-05-27 09:37:56,530 - INFO - UI triggered
2026-05-27 09:39:51,143 - INFO - calculate_alternate_value_1 started
2026-05-27 09:39:51,144 - WARNING - [SKIP] DataFrame 'df_itp' is empty – cells \u2192 =0
2026-05-27 09:39:51,146 - INFO - Step 1: resolving column indices
2026-05-27 09:39:51,155 - INFO - Step 2: resolving row indices
2026-05-27 09:39:51,219 - WARNING - find_fmi_row_uc(df_P_L_ROP_NE): Required label 'uc nissan' not found in first 3 columns.
2026-05-27 09:39:51,221 - WARNING - find_fmi_row_as(df_P_L_ROP_NE): Required label 'as nissan' not found in first 3 columns.
2026-05-27 09:39:51,223 - WARNING - find_fmi_row_export(df_P_L_ROP_NE): Required label 'nissan export' not found in first 3 columns.
2026-05-27 09:39:51,657 - INFO - Step 3: building formula strings
2026-05-27 09:43:27,148 - INFO - Step 4: building cell update tables
2026-05-27 09:43:27,150 - INFO - Step 5: writing output file
2026-05-27 09:44:51,000 - INFO - P&L output written \u2192 C:/Users/NE72649/Desktop/Output_folder\FY25 P&L Summary April_output_FY2026-27.xlsx  (299.9s)
2026-05-27 09:44:51,003 - INFO - Z-Audit report written \u2192 C:/Users/NE72649/Desktop/Output_folder\zero_population_audit_20260527_093951.txt  (9 zero events)
2026-05-27 09:44:51,003 - INFO - Z-Audit report \u2192 C:/Users/NE72649/Desktop/Output_folder\zero_population_audit_20260527_093951.txt
2026-05-27 09:44:51,004 - INFO - Step 6: calling ACT
2026-05-27 09:44:51,004 - INFO - ACT started
2026-05-27 09:44:51,005 - INFO - ACT Step 1: resolving column indices
2026-05-27 09:44:52,332 - INFO - ACT Step 2: OSP lookups
2026-05-27 09:44:52,337 - INFO - ACT Step 3: HFM Managerial re-read
2026-05-27 09:44:52,338 - WARNING - find_values_pandas_HFM: 'DataFrame' object has no attribute 'applymap'
2026-05-27 09:45:00,535 - INFO - HMF Managerial re-read OK
2026-05-27 09:45:00,535 - INFO - ACT Step 4: building HFM formula block
2026-05-27 09:45:02,895 - INFO - ACT Step 5: goodwill row extraction
2026-05-27 09:45:02,908 - INFO - Goodwill f1=='[C:/Users/NE72649/Desktop/Test Folder_KD/Goodwill CALCULATION FILE.xlsx]GW Budget'!C2
2026-05-27 09:45:02,909 - INFO - ACT Step 6: relief row extraction
2026-05-27 09:45:03,400 - INFO - ACT Step 7: CFMI row extraction
2026-05-27 09:45:03,402 - INFO - ACT Step 8: building formulas
2026-05-27 09:45:12,241 - INFO - ACT Step 9: writing KPI output file
2026-05-27 09:45:15,523 - INFO - ACT KPI output written \u2192 C:/Users/NE72649/Desktop/Output_folder\NEW_KPI_P&L_April_output_FY2026-27.xlsx
2026-05-27 09:45:15,523 - INFO - ACT Step 10: writing Goodwill output file
2026-05-27 09:45:15,806 - INFO - ACT Goodwill output written
2026-05-27 09:45:15,806 - INFO - ACT completed
2026-05-27 09:53:49,216 - INFO - ACT triggered
2026-05-27 09:53:49,216 - INFO - Submit_2 triggered
2026-05-27 09:53:49,216 - INFO - UI triggered
2026-05-27 09:55:35,186 - INFO - calculate_alternate_value_1 started
2026-05-27 09:55:35,187 - WARNING - [SKIP] DataFrame 'df_itp' is empty – cells \u2192 =0
2026-05-27 09:55:35,188 - INFO - Step 1: resolving column indices
2026-05-27 09:55:35,198 - INFO - Step 2: resolving row indices
2026-05-27 09:55:35,265 - WARNING - find_fmi_row_uc(df_P_L_ROP_NE): Required label 'uc nissan' not found in first 3 columns.
2026-05-27 09:55:35,266 - WARNING - find_fmi_row_as(df_P_L_ROP_NE): Required label 'as nissan' not found in first 3 columns.
2026-05-27 09:55:35,268 - WARNING - find_fmi_row_export(df_P_L_ROP_NE): Required label 'nissan export' not found in first 3 columns.
2026-05-27 09:55:35,705 - INFO - Step 3: building formula strings
2026-05-27 09:59:11,951 - INFO - Step 4: building cell update tables
2026-05-27 09:59:11,953 - INFO - Step 5: writing output file
2026-05-27 10:00:34,339 - INFO - P&L output written \u2192 C:/Users/NE72649/Desktop/Output_folder\FY25 P&L Summary April_output_FY2026-27.xlsx  (299.2s)
2026-05-27 10:00:34,341 - INFO - Z-Audit report written \u2192 C:/Users/NE72649/Desktop/Output_folder\zero_population_audit_20260527_095535.txt  (7 zero events)
2026-05-27 10:00:34,342 - INFO - Z-Audit report \u2192 C:/Users/NE72649/Desktop/Output_folder\zero_population_audit_20260527_095535.txt
2026-05-27 10:00:34,342 - INFO - Step 6: calling ACT
2026-05-27 10:00:34,343 - INFO - ACT started
2026-05-27 10:00:34,344 - INFO - ACT Step 1: resolving column indices
2026-05-27 10:00:35,684 - INFO - ACT Step 2: OSP lookups
2026-05-27 10:00:35,689 - INFO - ACT Step 3: HFM Managerial re-read
2026-05-27 10:00:35,689 - WARNING - find_values_pandas_HFM: 'DataFrame' object has no attribute 'applymap'
2026-05-27 10:00:43,880 - INFO - HMF Managerial re-read OK
2026-05-27 10:00:43,880 - INFO - ACT Step 4: building HFM formula block
2026-05-27 10:00:46,265 - INFO - ACT Step 5: goodwill row extraction
2026-05-27 10:00:46,279 - INFO - Goodwill f1=='[C:/Users/NE72649/Desktop/Test Folder_KD/Goodwill CALCULATION FILE.xlsx]GW Budget'!C2
2026-05-27 10:00:46,279 - INFO - ACT Step 6: relief row extraction
2026-05-27 10:00:46,759 - INFO - ACT Step 7: CFMI row extraction
2026-05-27 10:00:46,761 - INFO - ACT Step 8: building formulas
2026-05-27 10:00:55,709 - INFO - ACT Step 9: writing KPI output file
2026-05-27 10:00:58,975 - INFO - ACT KPI output written \u2192 C:/Users/NE72649/Desktop/Output_folder\NEW_KPI_P&L_April_output_FY2026-27.xlsx
2026-05-27 10:00:58,976 - INFO - ACT Step 10: writing Goodwill output file
2026-05-27 10:00:59,255 - INFO - ACT Goodwill output written
2026-05-27 10:00:59,256 - INFO - ACT completed
2026-05-27 11:32:29,749 - INFO - ACT triggered
2026-05-27 11:32:29,749 - INFO - Submit_2 triggered
2026-05-27 11:32:29,750 - INFO - UI triggered
2026-05-27 11:39:35,366 - INFO - calculate_alternate_value_1 started
2026-05-27 11:39:35,367 - WARNING - [SKIP] DataFrame 'df_itp' is empty – cells \u2192 =0
2026-05-27 11:39:35,368 - INFO - Step 1: resolving column indices
2026-05-27 11:39:35,377 - INFO - Step 2: resolving row indices
2026-05-27 11:39:35,455 - WARNING - find_fmi_row_uc(df_P_L_ROP_NE): Required label 'uc nissan' not found in first 3 columns.
2026-05-27 11:39:35,456 - WARNING - find_fmi_row_as(df_P_L_ROP_NE): Required label 'as nissan' not found in first 3 columns.
2026-05-27 11:39:35,458 - WARNING - find_fmi_row_export(df_P_L_ROP_NE): Required label 'nissan export' not found in first 3 columns.
2026-05-27 11:39:36,006 - INFO - Step 3: building formula strings
2026-05-27 11:43:31,654 - INFO - Step 4: building cell update tables
2026-05-27 11:43:31,656 - INFO - Step 5: writing output file
2026-05-27 11:44:51,951 - INFO - P&L output written \u2192 C:/Users/NE72649/Desktop/Test Folder\FY25 P&L Summary April_output_FY2026-27.xlsx  (316.6s)
2026-05-27 11:44:51,953 - INFO - Z-Audit report written \u2192 C:/Users/NE72649/Desktop/Test Folder\zero_population_audit_20260527_113935.txt  (7 zero events)
2026-05-27 11:44:51,953 - INFO - Z-Audit report \u2192 C:/Users/NE72649/Desktop/Test Folder\zero_population_audit_20260527_113935.txt
2026-05-27 11:44:51,953 - INFO - Step 6: calling ACT
2026-05-27 11:44:51,953 - INFO - ACT started
2026-05-27 11:44:51,954 - INFO - ACT Step 1: resolving column indices
2026-05-27 11:44:53,323 - INFO - ACT Step 2: OSP lookups
2026-05-27 11:44:53,328 - INFO - ACT Step 3: HFM Managerial re-read
2026-05-27 11:44:53,328 - WARNING - find_values_pandas_HFM: 'DataFrame' object has no attribute 'applymap'
2026-05-27 11:45:01,650 - INFO - HMF Managerial re-read OK
2026-05-27 11:45:01,651 - INFO - ACT Step 4: building HFM formula block
2026-05-27 11:45:04,087 - INFO - ACT Step 5: goodwill row extraction
2026-05-27 11:45:04,088 - WARNING - [SKIP] File 'Goodwill generated output' not found ('C:/Users/NE72649/Desktop/Test Folder\\Goodwill_April_output_FY2026-27.xlsx') – formulas \u2192 =0
2026-05-27 11:45:04,101 - INFO - Goodwill f1=='[C:/Users/NE72649/Desktop/Test Folder_KD/Goodwill CALCULATION FILE.xlsx]GW Budget'!C2
2026-05-27 11:45:04,101 - INFO - ACT Step 6: relief row extraction
2026-05-27 11:45:04,634 - INFO - ACT Step 7: CFMI row extraction
2026-05-27 11:45:04,636 - INFO - ACT Step 8: building formulas
2026-05-27 11:45:13,914 - INFO - ACT Step 9: writing KPI output file
2026-05-27 11:45:17,368 - INFO - ACT KPI output written \u2192 C:/Users/NE72649/Desktop/Test Folder\NEW_KPI_P&L_April_output_FY2026-27.xlsx
2026-05-27 11:45:17,369 - INFO - ACT Step 10: writing Goodwill output file
2026-05-27 11:45:17,659 - INFO - ACT Goodwill output written
2026-05-27 11:45:17,659 - INFO - ACT completed
2026-05-27 12:04:28,990 - INFO - ACT triggered
2026-05-27 12:04:28,990 - INFO - Submit_2 triggered
2026-05-27 12:04:28,990 - INFO - UI triggered
2026-05-27 12:06:44,493 - INFO - calculate_alternate_value_1 started
2026-05-27 12:06:44,494 - WARNING - [SKIP] DataFrame 'df_itp' is empty – cells \u2192 =0
2026-05-27 12:06:44,495 - INFO - Step 1: resolving column indices
2026-05-27 12:06:44,505 - INFO - Step 2: resolving row indices
2026-05-27 12:06:44,573 - WARNING - find_fmi_row_uc(df_P_L_ROP_NE): Required label 'uc nissan' not found in first 3 columns.
2026-05-27 12:06:44,575 - WARNING - find_fmi_row_as(df_P_L_ROP_NE): Required label 'as nissan' not found in first 3 columns.
2026-05-27 12:06:44,576 - WARNING - find_fmi_row_export(df_P_L_ROP_NE): Required label 'nissan export' not found in first 3 columns.
2026-05-27 12:06:45,033 - INFO - Step 3: building formula strings
2026-05-27 12:10:31,619 - INFO - Step 4: building cell update tables
2026-05-27 12:10:31,621 - INFO - Step 5: writing output file
2026-05-27 12:11:54,790 - INFO - P&L output written \u2192 C:/Users/NE72649/Desktop/Output_folder\FY25 P&L Summary April_output_FY2026-27.xlsx  (310.3s)
2026-05-27 12:11:54,794 - INFO - Z-Audit report written \u2192 C:/Users/NE72649/Desktop/Output_folder\zero_population_audit_20260527_120644.txt  (7 zero events)
2026-05-27 12:11:54,794 - INFO - Z-Audit report \u2192 C:/Users/NE72649/Desktop/Output_folder\zero_population_audit_20260527_120644.txt
2026-05-27 12:11:54,795 - INFO - Step 6: calling ACT
2026-05-27 12:11:54,795 - INFO - ACT started
2026-05-27 12:11:54,797 - INFO - ACT Step 1: resolving column indices
2026-05-27 12:11:56,124 - INFO - ACT Step 2: OSP lookups
2026-05-27 12:11:56,129 - INFO - ACT Step 3: HFM Managerial re-read
2026-05-27 12:11:56,130 - WARNING - find_values_pandas_HFM: 'DataFrame' object has no attribute 'applymap'
2026-05-27 12:12:04,621 - INFO - HMF Managerial re-read OK
2026-05-27 12:12:04,631 - INFO - ACT Step 4: building HFM formula block
2026-05-27 12:12:07,026 - INFO - ACT Step 5: goodwill row extraction
2026-05-27 12:12:07,052 - INFO - Goodwill f1=='[C:/Users/NE72649/Desktop/Test Folder_KD/Goodwill CALCULATION FILE.xlsx]GW Budget'!C2
2026-05-27 12:12:07,074 - INFO - ACT Step 6: relief row extraction
2026-05-27 12:12:07,590 - INFO - ACT Step 7: CFMI row extraction
2026-05-27 12:12:07,614 - INFO - ACT Step 8: building formulas
2026-05-27 12:12:16,813 - INFO - ACT Step 9: writing KPI output file
2026-05-27 12:12:20,927 - INFO - ACT KPI output written \u2192 C:/Users/NE72649/Desktop/Output_folder\NEW_KPI_P&L_April_output_FY2026-27.xlsx
2026-05-27 12:12:20,928 - INFO - ACT Step 10: writing Goodwill output file
2026-05-27 12:12:21,226 - INFO - ACT Goodwill output written
2026-05-27 12:12:21,226 - INFO - ACT completed
2026-05-27 12:14:52,680 - INFO - ACT triggered
2026-05-27 12:14:52,680 - INFO - Submit_2 triggered
2026-05-27 12:14:52,681 - INFO - UI triggered
2026-05-27 12:16:44,346 - INFO - calculate_alternate_value_1 started
2026-05-27 12:16:44,347 - WARNING - [SKIP] DataFrame 'df_itp' is empty – cells \u2192 =0
2026-05-27 12:16:44,349 - INFO - Step 1: resolving column indices
2026-05-27 12:16:44,358 - INFO - Step 2: resolving row indices
2026-05-27 12:16:44,426 - WARNING - find_fmi_row_uc(df_P_L_ROP_NE): Required label 'uc nissan' not found in first 3 columns.
2026-05-27 12:16:44,428 - WARNING - find_fmi_row_as(df_P_L_ROP_NE): Required label 'as nissan' not found in first 3 columns.
2026-05-27 12:16:44,430 - WARNING - find_fmi_row_export(df_P_L_ROP_NE): Required label 'nissan export' not found in first 3 columns.
2026-05-27 12:16:44,872 - INFO - Step 3: building formula strings
2026-05-27 12:20:52,798 - INFO - Step 4: building cell update tables
2026-05-27 12:20:52,800 - INFO - Step 5: writing output file
2026-05-27 12:22:14,073 - INFO - P&L output written \u2192 C:/Users/NE72649/Desktop/Output_folder\FY25 P&L Summary April_output_FY2026-27.xlsx  (329.7s)
2026-05-27 12:22:14,076 - INFO - Z-Audit report written \u2192 C:/Users/NE72649/Desktop/Output_folder\zero_population_audit_20260527_121644.txt  (7 zero events)
2026-05-27 12:22:14,077 - INFO - Z-Audit report \u2192 C:/Users/NE72649/Desktop/Output_folder\zero_population_audit_20260527_121644.txt
2026-05-27 12:22:14,078 - INFO - Step 6: calling ACT
2026-05-27 12:22:14,079 - INFO - ACT started
2026-05-27 12:22:14,080 - INFO - ACT Step 1: resolving column indices
2026-05-27 12:22:15,499 - INFO - ACT Step 2: OSP lookups
2026-05-27 12:22:15,505 - INFO - ACT Step 3: HFM Managerial re-read
2026-05-27 12:22:15,506 - WARNING - find_values_pandas_HFM: 'DataFrame' object has no attribute 'applymap'
2026-05-27 12:22:24,016 - INFO - HMF Managerial re-read OK
2026-05-27 12:22:24,017 - INFO - ACT Step 4: building HFM formula block
2026-05-27 12:22:26,476 - INFO - ACT Step 5: goodwill row extraction
2026-05-27 12:22:26,489 - INFO - Goodwill f1=='[C:/Users/NE72649/Desktop/Test Folder_KD/Goodwill CALCULATION FILE.xlsx]GW Budget'!C2
2026-05-27 12:22:26,489 - INFO - ACT Step 6: relief row extraction
2026-05-27 12:22:26,994 - INFO - ACT Step 7: CFMI row extraction
2026-05-27 12:22:26,996 - INFO - ACT Step 8: building formulas
2026-05-27 12:22:36,552 - INFO - ACT Step 9: writing KPI output file
2026-05-27 12:22:39,992 - INFO - ACT KPI output written \u2192 C:/Users/NE72649/Desktop/Output_folder\NEW_KPI_P&L_April_output_FY2026-27.xlsx
2026-05-27 12:22:39,993 - INFO - ACT Step 10: writing Goodwill output file
2026-05-27 12:22:40,291 - INFO - ACT Goodwill output written
2026-05-27 12:22:40,292 - INFO - ACT completed
2026-05-27 12:26:37,054 - INFO - calculate_alternate_value_1 started
2026-05-27 12:26:37,055 - WARNING - [SKIP] DataFrame 'df_itp' is empty – cells \u2192 =0
2026-05-27 12:26:37,056 - INFO - Step 1: resolving column indices
2026-05-27 12:26:37,067 - INFO - Step 2: resolving row indices
2026-05-27 12:26:37,138 - WARNING - find_fmi_row_uc(df_P_L_ROP_NE): Required label 'uc nissan' not found in first 3 columns.
2026-05-27 12:26:37,142 - WARNING - find_fmi_row_as(df_P_L_ROP_NE): Required label 'as nissan' not found in first 3 columns.
2026-05-27 12:26:37,143 - WARNING - find_fmi_row_export(df_P_L_ROP_NE): Required label 'nissan export' not found in first 3 columns.
2026-05-27 12:26:37,647 - INFO - Step 3: building formula strings
2026-05-27 12:30:28,953 - INFO - Step 4: building cell update tables
2026-05-27 12:30:28,955 - INFO - Step 5: writing output file
2026-05-27 12:31:47,529 - INFO - P&L output written \u2192 C:/Users/NE72649/Desktop/Output_folder\FY25 P&L Summary May_output_FY2026-27.xlsx  (310.5s)
2026-05-27 12:31:47,532 - INFO - Z-Audit report written \u2192 C:/Users/NE72649/Desktop/Output_folder\zero_population_audit_20260527_122637.txt  (6 zero events)
2026-05-27 12:31:47,533 - INFO - Z-Audit report \u2192 C:/Users/NE72649/Desktop/Output_folder\zero_population_audit_20260527_122637.txt
2026-05-27 12:31:47,533 - INFO - Step 6: calling ACT
2026-05-27 12:31:47,534 - INFO - ACT started
2026-05-27 12:31:47,542 - INFO - ACT Step 1: resolving column indices
2026-05-27 12:31:49,104 - INFO - ACT Step 2: OSP lookups
2026-05-27 12:31:49,109 - INFO - ACT Step 3: HFM Managerial re-read
2026-05-27 12:31:49,110 - WARNING - find_values_pandas_HFM: 'DataFrame' object has no attribute 'applymap'
2026-05-27 12:31:57,796 - INFO - HMF Managerial re-read OK
2026-05-27 12:31:57,796 - INFO - ACT Step 4: building HFM formula block
2026-05-27 12:32:00,273 - INFO - ACT Step 5: goodwill row extraction
2026-05-27 12:32:00,274 - WARNING - [SKIP] File 'Goodwill generated output' not found ('C:/Users/NE72649/Desktop/Output_folder\\Goodwill_May_output_FY2026-27.xlsx') – formulas \u2192 =0
2026-05-27 12:32:00,289 - INFO - Goodwill f1=='[C:/Users/NE72649/Desktop/Test Folder_KD/Goodwill CALCULATION FILE.xlsx]GW Budget'!D2
2026-05-27 12:32:00,289 - INFO - ACT Step 6: relief row extraction
2026-05-27 12:32:00,793 - INFO - ACT Step 7: CFMI row extraction
2026-05-27 12:32:00,795 - INFO - ACT Step 8: building formulas
2026-05-27 12:32:12,005 - INFO - ACT Step 9: writing KPI output file
2026-05-27 12:32:16,227 - INFO - ACT KPI output written \u2192 C:/Users/NE72649/Desktop/Output_folder\NEW_KPI_P&L_May_output_FY2026-27.xlsx
2026-05-27 12:32:16,228 - INFO - ACT Step 10: writing Goodwill output file
2026-05-27 12:32:16,595 - INFO - ACT Goodwill output written
2026-05-27 12:32:16,595 - INFO - ACT completed
2026-05-27 13:47:50,254 - INFO - ACT triggered
2026-05-27 13:47:50,255 - INFO - Submit_2 triggered
2026-05-27 13:47:50,255 - INFO - UI triggered
2026-05-27 13:50:32,906 - INFO - calculate_alternate_value_1 started
2026-05-27 13:50:32,907 - WARNING - [SKIP] DataFrame 'df_itp' is empty – cells \u2192 =0
2026-05-27 13:50:32,909 - INFO - Step 1: resolving column indices
2026-05-27 13:50:32,920 - INFO - Step 2: resolving row indices
2026-05-27 13:50:32,999 - WARNING - find_fmi_row_uc(df_P_L_ROP_NE): Required label 'uc nissan' not found in first 3 columns.
2026-05-27 13:50:33,001 - WARNING - find_fmi_row_as(df_P_L_ROP_NE): Required label 'as nissan' not found in first 3 columns.
2026-05-27 13:50:33,003 - WARNING - find_fmi_row_export(df_P_L_ROP_NE): Required label 'nissan export' not found in first 3 columns.
2026-05-27 13:50:33,533 - INFO - Step 3: building formula strings
2026-05-27 13:54:32,987 - INFO - Step 4: building cell update tables
2026-05-27 13:54:32,990 - INFO - Step 5: writing output file
2026-05-27 13:56:15,687 - INFO - P&L output written \u2192 C:/Users/NE72649/Desktop/Test Folder\FY25 P&L Summary April_output_FY2026-27.xlsx  (342.8s)
2026-05-27 13:56:15,692 - INFO - Z-Audit report written \u2192 C:/Users/NE72649/Desktop/Test Folder\zero_population_audit_20260527_135032.txt  (7 zero events)
2026-05-27 13:56:15,693 - INFO - Z-Audit report \u2192 C:/Users/NE72649/Desktop/Test Folder\zero_population_audit_20260527_135032.txt
2026-05-27 13:56:15,694 - INFO - Step 6: calling ACT
2026-05-27 13:56:15,694 - INFO - ACT started
2026-05-27 13:56:15,696 - INFO - ACT Step 1: resolving column indices
2026-05-27 13:56:17,265 - INFO - ACT Step 2: OSP lookups
2026-05-27 13:56:17,270 - INFO - ACT Step 3: HFM Managerial re-read
2026-05-27 13:56:17,271 - WARNING - find_values_pandas_HFM: 'DataFrame' object has no attribute 'applymap'
2026-05-27 13:56:26,894 - INFO - HMF Managerial re-read OK
2026-05-27 13:56:26,895 - INFO - ACT Step 4: building HFM formula block
2026-05-27 13:56:29,423 - INFO - ACT Step 5: goodwill row extraction
2026-05-27 13:56:29,438 - INFO - Goodwill f1=='[C:/Users/NE72649/Desktop/Test Folder_KD/Goodwill CALCULATION FILE.xlsx]GW Budget'!C2
2026-05-27 13:56:29,439 - INFO - ACT Step 6: relief row extraction
2026-05-27 13:56:29,978 - INFO - ACT Step 7: CFMI row extraction
2026-05-27 13:56:29,980 - INFO - ACT Step 8: building formulas
2026-05-27 13:56:40,809 - INFO - ACT Step 9: writing KPI output file
2026-05-27 13:56:45,146 - INFO - ACT KPI output written \u2192 C:/Users/NE72649/Desktop/Test Folder\NEW_KPI_P&L_April_output_FY2026-27.xlsx
2026-05-27 13:56:45,147 - INFO - ACT Step 10: writing Goodwill output file
2026-05-27 13:56:45,543 - INFO - ACT Goodwill output written
2026-05-27 13:56:45,544 - INFO - ACT completed
2026-05-27 14:05:38,871 - INFO - ACT triggered
2026-05-27 14:05:38,871 - INFO - Submit_2 triggered
2026-05-27 14:05:38,872 - INFO - UI triggered
2026-05-27 14:07:43,893 - INFO - calculate_alternate_value_1 started
2026-05-27 14:07:43,894 - WARNING - [SKIP] DataFrame 'df_itp' is empty – cells \u2192 =0
2026-05-27 14:07:43,896 - INFO - Step 1: resolving column indices
2026-05-27 14:07:43,909 - INFO - Step 2: resolving row indices
2026-05-27 14:07:43,998 - WARNING - find_fmi_row_uc(df_P_L_ROP_NE): Required label 'uc nissan' not found in first 3 columns.
2026-05-27 14:07:44,000 - WARNING - find_fmi_row_as(df_P_L_ROP_NE): Required label 'as nissan' not found in first 3 columns.
2026-05-27 14:07:44,002 - WARNING - find_fmi_row_export(df_P_L_ROP_NE): Required label 'nissan export' not found in first 3 columns.
2026-05-27 14:07:44,514 - INFO - Step 3: building formula strings
2026-05-27 14:11:54,717 - INFO - Step 4: building cell update tables
2026-05-27 14:11:54,719 - INFO - Step 5: writing output file
2026-05-27 14:13:28,527 - INFO - P&L output written \u2192 C:/Users/NE72649/Desktop/Output_folder\FY25 P&L Summary April_output_FY2026-27.xlsx  (344.6s)
2026-05-27 14:13:28,530 - INFO - Z-Audit report written \u2192 C:/Users/NE72649/Desktop/Output_folder\zero_population_audit_20260527_140743.txt  (6 zero events)
2026-05-27 14:13:28,530 - INFO - Z-Audit report \u2192 C:/Users/NE72649/Desktop/Output_folder\zero_population_audit_20260527_140743.txt
2026-05-27 14:13:28,532 - INFO - Step 6: calling ACT
2026-05-27 14:13:28,534 - INFO - ACT started
2026-05-27 14:13:28,536 - INFO - ACT Step 1: resolving column indices
2026-05-27 14:13:30,111 - INFO - ACT Step 2: OSP lookups
2026-05-27 14:13:30,118 - INFO - ACT Step 3: HFM Managerial re-read
2026-05-27 14:13:30,125 - WARNING - find_values_pandas_HFM: 'DataFrame' object has no attribute 'applymap'
2026-05-27 14:13:39,179 - INFO - HMF Managerial re-read OK
2026-05-27 14:13:39,181 - INFO - ACT Step 4: building HFM formula block
2026-05-27 14:13:41,850 - INFO - ACT Step 5: goodwill row extraction
2026-05-27 14:13:41,864 - INFO - Goodwill f1=='[C:/Users/NE72649/Desktop/Test Folder_KD/Goodwill CALCULATION FILE.xlsx]GW Budget'!C2
2026-05-27 14:13:41,865 - INFO - ACT Step 6: relief row extraction
2026-05-27 14:13:42,414 - INFO - ACT Step 7: CFMI row extraction
2026-05-27 14:13:42,416 - INFO - ACT Step 8: building formulas
2026-05-27 14:13:52,879 - INFO - ACT Step 9: writing KPI output file
2026-05-27 14:13:56,660 - INFO - ACT KPI output written \u2192 C:/Users/NE72649/Desktop/Output_folder\NEW_KPI_P&L_April_output_FY2026-27.xlsx
2026-05-27 14:13:56,661 - INFO - ACT Step 10: writing Goodwill output file
2026-05-27 14:13:56,974 - INFO - ACT Goodwill output written
2026-05-27 14:13:56,975 - INFO - ACT completed
2026-05-27 14:22:41,566 - INFO - ACT triggered
2026-05-27 14:22:41,567 - INFO - Submit_2 triggered
2026-05-27 14:22:41,567 - INFO - UI triggered
2026-05-27 14:24:47,771 - INFO - calculate_alternate_value_1 started
2026-05-27 14:24:47,772 - WARNING - [SKIP] DataFrame 'df_itp' is empty – cells \u2192 =0
2026-05-27 14:24:47,774 - INFO - Step 1: resolving column indices
2026-05-27 14:24:47,786 - INFO - Step 2: resolving row indices
2026-05-27 14:24:47,865 - WARNING - find_fmi_row_uc(df_P_L_ROP_NE): Required label 'uc nissan' not found in first 3 columns.
2026-05-27 14:24:47,867 - WARNING - find_fmi_row_as(df_P_L_ROP_NE): Required label 'as nissan' not found in first 3 columns.
2026-05-27 14:24:47,868 - WARNING - find_fmi_row_export(df_P_L_ROP_NE): Required label 'nissan export' not found in first 3 columns.
2026-05-27 14:24:48,383 - INFO - Step 3: building formula strings
2026-05-27 14:29:08,245 - INFO - Step 4: building cell update tables
2026-05-27 14:29:08,247 - INFO - Step 5: writing output file
2026-05-27 14:30:48,520 - INFO - P&L output written \u2192 C:/Users/NE72649/Desktop/Output_folder\FY25 P&L Summary April_output_FY2026-27.xlsx  (360.7s)
2026-05-27 14:30:48,524 - INFO - Z-Audit report written \u2192 C:/Users/NE72649/Desktop/Output_folder\zero_population_audit_20260527_142447.txt  (6 zero events)
2026-05-27 14:30:48,524 - INFO - Z-Audit report \u2192 C:/Users/NE72649/Desktop/Output_folder\zero_population_audit_20260527_142447.txt
2026-05-27 14:30:48,525 - INFO - Step 6: calling ACT
2026-05-27 14:30:48,526 - INFO - ACT started
2026-05-27 14:30:48,527 - INFO - ACT Step 1: resolving column indices
2026-05-27 14:30:50,011 - INFO - ACT Step 2: OSP lookups
2026-05-27 14:30:50,016 - INFO - ACT Step 3: HFM Managerial re-read
2026-05-27 14:30:50,017 - WARNING - find_values_pandas_HFM: 'DataFrame' object has no attribute 'applymap'
2026-05-27 14:30:59,159 - INFO - HMF Managerial re-read OK
2026-05-27 14:30:59,160 - INFO - ACT Step 4: building HFM formula block
2026-05-27 14:31:01,772 - INFO - ACT Step 5: goodwill row extraction
2026-05-27 14:31:01,788 - INFO - Goodwill f1=='[C:/Users/NE72649/Desktop/Test Folder_KD/Goodwill CALCULATION FILE.xlsx]GW Budget'!C2
2026-05-27 14:31:01,788 - INFO - ACT Step 6: relief row extraction
2026-05-27 14:31:02,332 - INFO - ACT Step 7: CFMI row extraction
2026-05-27 14:31:02,334 - INFO - ACT Step 8: building formulas
2026-05-27 14:31:12,785 - INFO - ACT Step 9: writing KPI output file
2026-05-27 14:31:16,359 - INFO - ACT KPI output written \u2192 C:/Users/NE72649/Desktop/Output_folder\NEW_KPI_P&L_April_output_FY2026-27.xlsx
2026-05-27 14:31:16,360 - INFO - ACT Step 10: writing Goodwill output file
2026-05-27 14:31:16,684 - INFO - ACT Goodwill output written
2026-05-27 14:31:16,684 - INFO - ACT completed
2026-05-27 14:36:15,792 - INFO - ACT triggered
2026-05-27 14:36:15,792 - INFO - Submit_2 triggered
2026-05-27 14:36:15,793 - INFO - UI triggered
2026-05-27 14:38:18,681 - INFO - calculate_alternate_value_1 started
2026-05-27 14:38:18,682 - WARNING - [SKIP] DataFrame 'df_itp' is empty – cells \u2192 =0
2026-05-27 14:38:18,683 - INFO - Step 1: resolving column indices
2026-05-27 14:38:18,693 - INFO - Step 2: resolving row indices
2026-05-27 14:38:18,759 - WARNING - find_fmi_row_uc(df_P_L_ROP_NE): Required label 'uc nissan' not found in first 3 columns.
2026-05-27 14:38:18,761 - WARNING - find_fmi_row_as(df_P_L_ROP_NE): Required label 'as nissan' not found in first 3 columns.
2026-05-27 14:38:18,762 - WARNING - find_fmi_row_export(df_P_L_ROP_NE): Required label 'nissan export' not found in first 3 columns.
2026-05-27 14:38:19,262 - INFO - Step 3: building formula strings
2026-05-27 14:42:11,394 - INFO - Step 4: building cell update tables
2026-05-27 14:42:11,396 - INFO - Step 5: writing output file
2026-05-27 14:43:30,159 - INFO - P&L output written \u2192 C:/Users/NE72649/Desktop/Output_folder\FY25 P&L Summary April_output_FY2026-27.xlsx  (311.5s)
2026-05-27 14:43:30,162 - INFO - Z-Audit report written \u2192 C:/Users/NE72649/Desktop/Output_folder\zero_population_audit_20260527_143818.txt  (6 zero events)
2026-05-27 14:43:30,162 - INFO - Z-Audit report \u2192 C:/Users/NE72649/Desktop/Output_folder\zero_population_audit_20260527_143818.txt
2026-05-27 14:43:30,163 - INFO - Step 6: calling ACT
2026-05-27 14:43:30,163 - INFO - ACT started
2026-05-27 14:43:30,164 - INFO - ACT Step 1: resolving column indices
2026-05-27 14:43:31,373 - INFO - ACT Step 2: OSP lookups
2026-05-27 14:43:31,378 - INFO - ACT Step 3: HFM Managerial re-read
2026-05-27 14:43:31,379 - WARNING - find_values_pandas_HFM: 'DataFrame' object has no attribute 'applymap'
2026-05-27 14:43:40,011 - INFO - HMF Managerial re-read OK
2026-05-27 14:43:40,015 - INFO - ACT Step 4: building HFM formula block
2026-05-27 14:43:42,590 - INFO - ACT Step 5: goodwill row extraction
2026-05-27 14:43:42,605 - INFO - Goodwill f1=='[C:/Users/NE72649/Desktop/Test Folder_KD/Goodwill CALCULATION FILE.xlsx]GW Budget'!C2
2026-05-27 14:43:42,605 - INFO - ACT Step 6: relief row extraction
2026-05-27 14:43:43,135 - INFO - ACT Step 7: CFMI row extraction
2026-05-27 14:43:43,136 - INFO - ACT Step 8: building formulas
2026-05-27 14:43:53,219 - INFO - ACT Step 9: writing KPI output file
2026-05-27 14:43:56,793 - INFO - ACT KPI output written \u2192 C:/Users/NE72649/Desktop/Output_folder\NEW_KPI_P&L_April_output_FY2026-27.xlsx
2026-05-27 14:43:56,794 - INFO - ACT Step 10: writing Goodwill output file
2026-05-27 14:43:57,111 - INFO - ACT Goodwill output written
2026-05-27 14:43:57,111 - INFO - ACT completed
2026-05-27 14:59:44,934 - INFO - calculate_alternate_value_1 started
2026-05-27 14:59:44,937 - WARNING - [SKIP] DataFrame 'df_itp' is empty – cells \u2192 =0
2026-05-27 14:59:45,227 - INFO - Step 1: resolving column indices
2026-05-27 14:59:45,269 - INFO - Step 2: resolving row indices
2026-05-27 14:59:45,345 - WARNING - find_fmi_row_uc(df_P_L_ROP_NE): Required label 'uc nissan' not found in first 3 columns.
2026-05-27 14:59:45,349 - WARNING - find_fmi_row_as(df_P_L_ROP_NE): Required label 'as nissan' not found in first 3 columns.
2026-05-27 14:59:45,353 - WARNING - find_fmi_row_export(df_P_L_ROP_NE): Required label 'nissan export' not found in first 3 columns.
2026-05-27 14:59:45,936 - INFO - Step 3: building formula strings
2026-05-27 15:04:09,157 - INFO - calculate_alternate_value_1 started
2026-05-27 15:04:09,160 - WARNING - [SKIP] DataFrame 'df_itp' is empty – cells \u2192 =0
2026-05-27 15:04:09,195 - INFO - Step 1: resolving column indices
2026-05-27 15:04:09,251 - INFO - Step 2: resolving row indices
2026-05-27 15:04:09,332 - WARNING - find_fmi_row_uc(df_P_L_ROP_NE): Required label 'uc nissan' not found in first 3 columns.
2026-05-27 15:04:09,337 - WARNING - find_fmi_row_as(df_P_L_ROP_NE): Required label 'as nissan' not found in first 3 columns.
2026-05-27 15:04:09,342 - WARNING - find_fmi_row_export(df_P_L_ROP_NE): Required label 'nissan export' not found in first 3 columns.
2026-05-27 15:04:10,024 - INFO - Step 3: building formula strings
2026-05-27 15:05:57,063 - INFO - Step 4: building cell update tables
2026-05-27 15:05:57,224 - INFO - Step 5: writing output file
2026-05-27 15:10:31,328 - INFO - ACT triggered
2026-05-27 15:10:31,328 - INFO - Submit_2 triggered
2026-05-27 15:10:31,328 - INFO - UI triggered
2026-05-27 15:13:13,155 - INFO - calculate_alternate_value_1 started
2026-05-27 15:13:13,156 - WARNING - [SKIP] DataFrame 'df_itp' is empty – cells \u2192 =0
2026-05-27 15:13:13,157 - INFO - Step 1: resolving column indices
2026-05-27 15:13:13,167 - INFO - Step 2: resolving row indices
2026-05-27 15:13:13,235 - WARNING - find_fmi_row_uc(df_P_L_ROP_NE): Required label 'uc nissan' not found in first 3 columns.
2026-05-27 15:13:13,236 - WARNING - find_fmi_row_as(df_P_L_ROP_NE): Required label 'as nissan' not found in first 3 columns.
2026-05-27 15:13:13,238 - WARNING - find_fmi_row_export(df_P_L_ROP_NE): Required label 'nissan export' not found in first 3 columns.
2026-05-27 15:13:13,725 - INFO - Step 3: building formula strings
2026-05-27 15:17:06,533 - INFO - Step 4: building cell update tables
2026-05-27 15:17:06,536 - INFO - Step 5: writing output file
2026-05-27 15:18:27,113 - INFO - P&L output written \u2192 C:/Users/NE72649/Desktop/Test Folder\FY25 P&L Summary April_output_FY2026-27.xlsx  (314.0s)
2026-05-27 15:18:27,118 - INFO - Z-Audit report written \u2192 C:/Users/NE72649/Desktop/Test Folder\zero_population_audit_20260527_151313.txt  (6 zero events)
2026-05-27 15:18:27,120 - INFO - Z-Audit report \u2192 C:/Users/NE72649/Desktop/Test Folder\zero_population_audit_20260527_151313.txt
2026-05-27 15:18:27,121 - INFO - Step 6: calling ACT
2026-05-27 15:18:27,122 - INFO - ACT started
2026-05-27 15:18:27,125 - INFO - ACT Step 1: resolving column indices
2026-05-27 15:18:28,588 - INFO - ACT Step 2: OSP lookups
2026-05-27 15:18:28,594 - INFO - ACT Step 3: HFM Managerial re-read
2026-05-27 15:18:28,595 - WARNING - find_values_pandas_HFM: 'DataFrame' object has no attribute 'applymap'
2026-05-27 15:18:37,180 - INFO - HMF Managerial re-read OK
2026-05-27 15:18:37,182 - INFO - ACT Step 4: building HFM formula block
2026-05-27 15:18:39,740 - INFO - ACT Step 5: goodwill row extraction
2026-05-27 15:18:39,756 - INFO - Goodwill f1=='[C:/Users/NE72649/Desktop/Test Folder_KD/Goodwill CALCULATION FILE.xlsx]GW Budget'!C2
2026-05-27 15:18:39,760 - INFO - ACT Step 6: relief row extraction
2026-05-27 15:18:40,305 - INFO - ACT Step 7: CFMI row extraction
2026-05-27 15:18:40,307 - INFO - ACT Step 8: building formulas
2026-05-27 15:18:50,370 - INFO - ACT Step 9: writing KPI output file
2026-05-27 15:18:54,015 - INFO - ACT KPI output written \u2192 C:/Users/NE72649/Desktop/Test Folder\NEW_KPI_P&L_April_output_FY2026-27.xlsx
2026-05-27 15:18:54,016 - INFO - ACT Step 10: writing Goodwill output file
2026-05-27 15:18:54,333 - INFO - ACT Goodwill output written
2026-05-27 15:18:54,334 - INFO - ACT completed
2026-05-27 15:26:55,914 - INFO - calculate_alternate_value_1 started
2026-05-27 15:26:55,914 - WARNING - [SKIP] DataFrame 'df_Relief_KD' is empty – cells \u2192 =0
2026-05-27 15:26:55,915 - WARNING - [SKIP] DataFrame 'df_itp' is empty – cells \u2192 =0
2026-05-27 15:26:55,916 - WARNING - [SKIP] File 'Relief KD file' path is empty – formulas \u2192 =0
2026-05-27 15:26:55,916 - INFO - Step 1: resolving column indices
2026-05-27 15:26:55,926 - INFO - Step 2: resolving row indices
2026-05-27 15:26:55,985 - WARNING - find_fmi_row_uc(df_P_L_ROP_NE): Required label 'uc nissan' not found in first 3 columns.
2026-05-27 15:26:55,987 - WARNING - find_fmi_row_as(df_P_L_ROP_NE): Required label 'as nissan' not found in first 3 columns.
2026-05-27 15:26:55,989 - WARNING - find_fmi_row_export(df_P_L_ROP_NE): Required label 'nissan export' not found in first 3 columns.
2026-05-27 15:26:56,456 - INFO - Step 3: building formula strings
2026-05-27 15:30:51,450 - INFO - Step 4: building cell update tables
2026-05-27 15:30:51,452 - INFO - Step 5: writing output file
2026-05-27 15:32:12,435 - INFO - P&L output written \u2192 C:/Users/NE72649/Desktop/Output_folder\FY25 P&L Summary April_output_FY2026-27.xlsx  (316.5s)
2026-05-27 15:32:12,439 - INFO - Z-Audit report written \u2192 C:/Users/NE72649/Desktop/Output_folder\zero_population_audit_20260527_152655.txt  (18 zero events)
2026-05-27 15:32:12,439 - INFO - Z-Audit report \u2192 C:/Users/NE72649/Desktop/Output_folder\zero_population_audit_20260527_152655.txt
2026-05-27 15:32:12,440 - INFO - Step 6: calling ACT
2026-05-27 15:32:12,440 - INFO - ACT started
2026-05-27 15:32:12,441 - INFO - ACT Step 1: resolving column indices
2026-05-27 15:32:13,926 - INFO - ACT Step 2: OSP lookups
2026-05-27 15:32:13,932 - INFO - ACT Step 3: HFM Managerial re-read
2026-05-27 15:32:13,932 - WARNING - find_values_pandas_HFM: 'DataFrame' object has no attribute 'applymap'
2026-05-27 15:32:22,693 - INFO - HMF Managerial re-read OK
2026-05-27 15:32:22,705 - INFO - ACT Step 4: building HFM formula block
2026-05-27 15:32:25,285 - INFO - ACT Step 5: goodwill row extraction
2026-05-27 15:32:25,311 - INFO - Goodwill f1=='[C:/Users/NE72649/Desktop/Test Folder/Goodwill CALCULATION FILE.xlsx]GW Budget'!C2
2026-05-27 15:32:25,336 - INFO - ACT Step 6: relief row extraction
2026-05-27 15:32:25,867 - INFO - ACT Step 7: CFMI row extraction
2026-05-27 15:32:25,898 - INFO - ACT Step 8: building formulas
2026-05-27 15:32:35,944 - INFO - ACT Step 9: writing KPI output file
2026-05-27 15:32:39,881 - INFO - ACT KPI output written \u2192 C:/Users/NE72649/Desktop/Output_folder\NEW_KPI_P&L_April_output_FY2026-27.xlsx
2026-05-27 15:32:39,883 - INFO - ACT Step 10: writing Goodwill output file
2026-05-27 15:32:40,214 - INFO - ACT Goodwill output written
2026-05-27 15:32:40,215 - INFO - ACT completed
2026-05-27 16:33:27,048 - INFO - ACT triggered
2026-05-27 16:33:27,048 - INFO - Submit_2 triggered
2026-05-27 16:33:27,048 - INFO - UI triggered
2026-05-27 16:39:40,993 - INFO - calculate_alternate_value_1 started
2026-05-27 16:39:40,994 - WARNING - [SKIP] DataFrame 'df_itp' is empty – cells \u2192 =0
2026-05-27 16:39:40,995 - INFO - Step 1: resolving column indices
2026-05-27 16:39:41,005 - INFO - Step 2: resolving row indices
2026-05-27 16:39:41,075 - WARNING - find_fmi_row_uc(df_P_L_ROP_NE): Required label 'uc nissan' not found in first 3 columns.
2026-05-27 16:39:41,077 - WARNING - find_fmi_row_as(df_P_L_ROP_NE): Required label 'as nissan' not found in first 3 columns.
2026-05-27 16:39:41,079 - WARNING - find_fmi_row_export(df_P_L_ROP_NE): Required label 'nissan export' not found in first 3 columns.
2026-05-27 16:39:41,575 - INFO - Step 3: building formula strings
2026-05-27 16:43:51,406 - INFO - Step 4: building cell update tables
2026-05-27 16:43:51,409 - INFO - Step 5: writing output file
2026-05-27 16:45:25,056 - INFO - P&L output written \u2192 C:/Users/NE72649/Desktop/O\FY25 P&L Summary April_output_FY2026-27.xlsx  (344.1s)
2026-05-27 16:45:25,059 - INFO - Z-Audit report written \u2192 C:/Users/NE72649/Desktop/O\zero_population_audit_20260527_163940.txt  (6 zero events)
2026-05-27 16:45:25,060 - INFO - Z-Audit report \u2192 C:/Users/NE72649/Desktop/O\zero_population_audit_20260527_163940.txt
2026-05-27 16:45:25,061 - INFO - Step 6: calling ACT
2026-05-27 16:45:25,062 - INFO - ACT started
2026-05-27 16:45:25,064 - INFO - ACT Step 1: resolving column indices
2026-05-27 16:45:26,490 - INFO - ACT Step 2: OSP lookups
2026-05-27 16:45:26,495 - INFO - ACT Step 3: HFM Managerial re-read
2026-05-27 16:45:26,496 - WARNING - find_values_pandas_HFM: 'DataFrame' object has no attribute 'applymap'
2026-05-27 16:45:35,370 - INFO - HMF Managerial re-read OK
2026-05-27 16:45:35,372 - INFO - ACT Step 4: building HFM formula block
2026-05-27 16:45:38,071 - INFO - ACT Step 5: goodwill row extraction
2026-05-27 16:45:38,072 - WARNING - [SKIP] File 'Goodwill generated output' not found ('C:/Users/NE72649/Desktop/O\\Goodwill_April_output_FY2026-27.xlsx') – formulas \u2192 =0
2026-05-27 16:45:38,087 - INFO - Goodwill f1=='[C:/Users/NE72649/Desktop/Test Folder_KD/Goodwill CALCULATION FILE.xlsx]GW Budget'!C2
2026-05-27 16:45:38,089 - INFO - ACT Step 6: relief row extraction
2026-05-27 16:45:38,626 - INFO - ACT Step 7: CFMI row extraction
2026-05-27 16:45:38,628 - INFO - ACT Step 8: building formulas
2026-05-27 16:45:48,725 - INFO - ACT Step 9: writing KPI output file
2026-05-27 16:45:52,794 - INFO - ACT KPI output written \u2192 C:/Users/NE72649/Desktop/O\NEW_KPI_P&L_April_output_FY2026-27.xlsx
2026-05-27 16:45:52,795 - INFO - ACT Step 10: writing Goodwill output file
2026-05-27 16:45:53,091 - INFO - ACT Goodwill output written
2026-05-27 16:45:53,091 - INFO - ACT completed
2026-05-27 16:57:16,422 - INFO - calculate_alternate_value_1 started
2026-05-27 16:57:16,423 - WARNING - [SKIP] DataFrame 'df_Relief_KD' is empty – cells \u2192 =0
2026-05-27 16:57:16,423 - WARNING - [SKIP] DataFrame 'df_itp' is empty – cells \u2192 =0
2026-05-27 16:57:16,424 - WARNING - [SKIP] File 'Relief KD file' path is empty – formulas \u2192 =0
2026-05-27 16:57:16,425 - INFO - Step 1: resolving column indices
2026-05-27 16:57:16,436 - INFO - Step 2: resolving row indices
2026-05-27 16:57:16,509 - WARNING - find_fmi_row_uc(df_P_L_ROP_NE): Required label 'uc nissan' not found in first 3 columns.
2026-05-27 16:57:16,510 - WARNING - find_fmi_row_as(df_P_L_ROP_NE): Required label 'as nissan' not found in first 3 columns.
2026-05-27 16:57:16,512 - WARNING - find_fmi_row_export(df_P_L_ROP_NE): Required label 'nissan export' not found in first 3 columns.
2026-05-27 16:57:17,005 - INFO - Step 3: building formula strings
2026-05-27 17:01:31,459 - INFO - Step 4: building cell update tables
2026-05-27 17:01:31,462 - INFO - Step 5: writing output file
2026-05-27 17:02:00,687 - ERROR - Error in Calculation Engine (calculate_alternate_value_1): PermissionError: [Errno 13] Permission denied: 'C:/Users/NE72649/Desktop/O\\FY25 P&L Summary April_output_FY2026-27.xlsx'
2026-05-27 17:03:53,028 - INFO - calculate_alternate_value_1 started
2026-05-27 17:03:53,029 - WARNING - [SKIP] DataFrame 'df_Relief_KD' is empty – cells \u2192 =0
2026-05-27 17:03:53,030 - WARNING - [SKIP] DataFrame 'df_itp' is empty – cells \u2192 =0
2026-05-27 17:03:53,031 - WARNING - [SKIP] File 'Relief KD file' path is empty – formulas \u2192 =0
2026-05-27 17:03:53,031 - INFO - Step 1: resolving column indices
2026-05-27 17:03:53,043 - INFO - Step 2: resolving row indices
2026-05-27 17:03:53,129 - WARNING - find_fmi_row_uc(df_P_L_ROP_NE): Required label 'uc nissan' not found in first 3 columns.
2026-05-27 17:03:53,131 - WARNING - find_fmi_row_as(df_P_L_ROP_NE): Required label 'as nissan' not found in first 3 columns.
2026-05-27 17:03:53,133 - WARNING - find_fmi_row_export(df_P_L_ROP_NE): Required label 'nissan export' not found in first 3 columns.
2026-05-27 17:03:53,617 - INFO - Step 3: building formula strings
2026-05-27 17:08:07,060 - INFO - Step 4: building cell update tables
2026-05-27 17:08:07,062 - INFO - Step 5: writing output file
2026-05-27 17:09:43,657 - INFO - P&L output written \u2192 C:/Users/NE72649/Desktop/O\FY25 P&L Summary April_output_FY2026-27.xlsx  (350.6s)
2026-05-27 17:09:43,660 - INFO - Z-Audit report written \u2192 C:/Users/NE72649/Desktop/O\zero_population_audit_20260527_170353.txt  (18 zero events)
2026-05-27 17:09:43,661 - INFO - Z-Audit report \u2192 C:/Users/NE72649/Desktop/O\zero_population_audit_20260527_170353.txt
2026-05-27 17:09:43,661 - INFO - Step 6: calling ACT
2026-05-27 17:09:43,662 - INFO - ACT started
2026-05-27 17:09:43,663 - INFO - ACT Step 1: resolving column indices
2026-05-27 17:09:45,082 - INFO - ACT Step 2: OSP lookups
2026-05-27 17:09:45,086 - INFO - ACT Step 3: HFM Managerial re-read
2026-05-27 17:09:45,087 - WARNING - find_values_pandas_HFM: 'DataFrame' object has no attribute 'applymap'
2026-05-27 17:09:54,354 - INFO - HMF Managerial re-read OK
2026-05-27 17:09:54,355 - INFO - ACT Step 4: building HFM formula block
2026-05-27 17:09:57,144 - INFO - ACT Step 5: goodwill row extraction
2026-05-27 17:09:57,159 - INFO - Goodwill f1=='[C:/Users/NE72649/Desktop/Test Folder_KD/Goodwill CALCULATION FILE.xlsx]GW Budget'!C2
2026-05-27 17:09:57,160 - INFO - ACT Step 6: relief row extraction
2026-05-27 17:09:57,708 - INFO - ACT Step 7: CFMI row extraction
2026-05-27 17:09:57,710 - INFO - ACT Step 8: building formulas
2026-05-27 17:10:08,068 - INFO - ACT Step 9: writing KPI output file
2026-05-27 17:10:11,846 - INFO - ACT KPI output written \u2192 C:/Users/NE72649/Desktop/O\NEW_KPI_P&L_April_output_FY2026-27.xlsx
2026-05-27 17:10:11,847 - INFO - ACT Step 10: writing Goodwill output file
2026-05-27 17:10:12,167 - INFO - ACT Goodwill output written
2026-05-27 17:10:12,167 - INFO - ACT completed
2026-05-28 11:02:20,828 - INFO - ACT triggered
2026-05-28 11:02:20,830 - INFO - Submit_2 triggered
2026-05-28 11:02:20,830 - INFO - UI triggered
2026-05-28 11:03:16,587 - INFO - ACT triggered
2026-05-28 11:03:16,588 - INFO - Submit_2 triggered
2026-05-28 11:03:16,588 - INFO - UI triggered
2026-05-28 11:07:37,231 - INFO - calculate_alternate_value_1 started
2026-05-28 11:07:37,232 - WARNING - [SKIP] DataFrame 'df_itp' is empty – cells \u2192 =0
2026-05-28 11:07:37,233 - INFO - Step 1: resolving column indices
2026-05-28 11:07:37,242 - INFO - Step 2: resolving row indices
2026-05-28 11:07:37,307 - WARNING - find_fmi_row_uc(df_P_L_ROP_NE): Required label 'uc nissan' not found in first 3 columns.
2026-05-28 11:07:37,309 - WARNING - find_fmi_row_as(df_P_L_ROP_NE): Required label 'as nissan' not found in first 3 columns.
2026-05-28 11:07:37,310 - WARNING - find_fmi_row_export(df_P_L_ROP_NE): Required label 'nissan export' not found in first 3 columns.
2026-05-28 11:07:37,747 - INFO - Step 3: building formula strings
2026-05-28 11:11:14,019 - INFO - Step 4: building cell update tables
2026-05-28 11:11:14,022 - INFO - Step 5: writing output file
2026-05-28 11:12:40,014 - INFO - P&L output written \u2192 C:/Users/NE72649/Desktop/Output_folder\FY25 P&L Summary April_output_FY2026-27.xlsx  (302.8s)
2026-05-28 11:12:40,017 - INFO - Z-Audit report written \u2192 C:/Users/NE72649/Desktop/Output_folder\zero_population_audit_20260528_110737.txt  (6 zero events)
2026-05-28 11:12:40,018 - INFO - Z-Audit report \u2192 C:/Users/NE72649/Desktop/Output_folder\zero_population_audit_20260528_110737.txt
2026-05-28 11:12:40,018 - INFO - Step 6: calling ACT
2026-05-28 11:12:40,019 - INFO - ACT started
2026-05-28 11:12:40,020 - INFO - ACT Step 1: resolving column indices
2026-05-28 11:12:41,161 - INFO - ACT Step 2: OSP lookups
2026-05-28 11:12:41,165 - INFO - ACT Step 3: HFM Managerial re-read
2026-05-28 11:12:41,165 - WARNING - find_values_pandas_HFM: 'DataFrame' object has no attribute 'applymap'
2026-05-28 11:12:49,265 - INFO - HMF Managerial re-read OK
2026-05-28 11:12:49,265 - INFO - ACT Step 4: building HFM formula block
2026-05-28 11:12:51,615 - INFO - ACT Step 5: goodwill row extraction
2026-05-28 11:12:51,628 - INFO - Goodwill f1=='[C:/Users/NE72649/Desktop/Test Folder_KD/Goodwill CALCULATION FILE.xlsx]GW Budget'!C2
2026-05-28 11:12:51,629 - INFO - ACT Step 6: relief row extraction
2026-05-28 11:12:52,112 - INFO - ACT Step 7: CFMI row extraction
2026-05-28 11:12:52,114 - INFO - ACT Step 8: building formulas
2026-05-28 11:13:00,990 - INFO - ACT Step 9: writing KPI output file
2026-05-28 11:13:04,340 - INFO - ACT KPI output written \u2192 C:/Users/NE72649/Desktop/Output_folder\NEW_KPI_P&L_April_output_FY2026-27.xlsx
2026-05-28 11:13:04,341 - INFO - ACT Step 10: writing Goodwill output file
2026-05-28 11:13:04,650 - INFO - ACT Goodwill output written
2026-05-28 11:13:04,651 - INFO - ACT completed
2026-05-28 12:15:15,044 - INFO - ACT triggered
2026-05-28 12:15:15,045 - INFO - Submit_2 triggered
2026-05-28 12:15:15,045 - INFO - UI triggered
2026-05-28 12:19:36,006 - INFO - calculate_alternate_value_1 started
2026-05-28 12:19:36,008 - WARNING - [SKIP] DataFrame 'df_itp' is empty – cells \u2192 =0
2026-05-28 12:19:36,009 - INFO - Step 1: resolving column indices
2026-05-28 12:19:36,018 - INFO - Step 2: resolving row indices
2026-05-28 12:19:36,084 - WARNING - find_fmi_row_uc(df_P_L_ROP_NE): Required label 'uc nissan' not found in first 3 columns.
2026-05-28 12:19:36,086 - WARNING - find_fmi_row_as(df_P_L_ROP_NE): Required label 'as nissan' not found in first 3 columns.
2026-05-28 12:19:36,087 - WARNING - find_fmi_row_export(df_P_L_ROP_NE): Required label 'nissan export' not found in first 3 columns.
2026-05-28 12:19:36,560 - INFO - Step 3: building formula strings
2026-05-28 12:23:11,526 - INFO - Step 4: building cell update tables
2026-05-28 12:23:11,531 - INFO - Step 5: writing output file
2026-05-28 12:24:38,344 - INFO - P&L output written \u2192 C:/Users/NE72649/Desktop/Output_folders\FY25 P&L Summary April_output_FY2026-27.xlsx  (302.3s)
2026-05-28 12:24:38,348 - INFO - Z-Audit report written \u2192 C:/Users/NE72649/Desktop/Output_folders\zero_population_audit_20260528_121936.txt  (6 zero events)
2026-05-28 12:24:38,348 - INFO - Z-Audit report \u2192 C:/Users/NE72649/Desktop/Output_folders\zero_population_audit_20260528_121936.txt
2026-05-28 12:24:38,349 - INFO - Step 6: calling ACT
2026-05-28 12:24:38,350 - INFO - ACT started
2026-05-28 12:24:38,351 - INFO - ACT Step 1: resolving column indices
2026-05-28 12:24:39,684 - INFO - ACT Step 2: OSP lookups
2026-05-28 12:24:39,688 - INFO - ACT Step 3: HFM Managerial re-read
2026-05-28 12:24:39,689 - WARNING - find_values_pandas_HFM: 'DataFrame' object has no attribute 'applymap'
2026-05-28 12:24:47,859 - INFO - HMF Managerial re-read OK
2026-05-28 12:24:47,860 - INFO - ACT Step 4: building HFM formula block
2026-05-28 12:24:50,112 - INFO - ACT Step 5: goodwill row extraction
2026-05-28 12:24:50,112 - WARNING - [SKIP] File 'Goodwill generated output' not found ('C:/Users/NE72649/Desktop/Output_folders\\Goodwill_April_output_FY2026-27.xlsx') – formulas \u2192 =0
2026-05-28 12:24:50,126 - INFO - Goodwill f1=='[C:/Users/NE72649/Desktop/Test Folder_KD/Goodwill CALCULATION FILE.xlsx]GW Budget'!C2
2026-05-28 12:24:50,126 - INFO - ACT Step 6: relief row extraction
2026-05-28 12:24:50,629 - INFO - ACT Step 7: CFMI row extraction
2026-05-28 12:24:50,631 - INFO - ACT Step 8: building formulas
2026-05-28 12:24:59,699 - INFO - ACT Step 9: writing KPI output file
2026-05-28 12:25:03,079 - INFO - ACT KPI output written \u2192 C:/Users/NE72649/Desktop/Output_folders\NEW_KPI_P&L_April_output_FY2026-27.xlsx
2026-05-28 12:25:03,080 - INFO - ACT Step 10: writing Goodwill output file
2026-05-28 12:25:03,360 - INFO - ACT Goodwill output written
2026-05-28 12:25:03,361 - INFO - ACT completed
2026-05-28 14:42:11,702 - INFO - ACT triggered
2026-05-28 14:42:11,702 - INFO - Submit_2 triggered
2026-05-28 14:42:11,702 - INFO - UI triggered
2026-05-28 14:48:11,965 - INFO - calculate_alternate_value_1 started
2026-05-28 14:48:11,966 - WARNING - [SKIP] DataFrame 'df_itp' is empty – cells \u2192 =0
2026-05-28 14:48:11,967 - INFO - Step 1: resolving column indices
2026-05-28 14:48:11,976 - INFO - Step 2: resolving row indices
2026-05-28 14:48:12,041 - WARNING - find_fmi_row_uc(df_P_L_ROP_NE): Required label 'uc nissan' not found in first 3 columns.
2026-05-28 14:48:12,042 - WARNING - find_fmi_row_as(df_P_L_ROP_NE): Required label 'as nissan' not found in first 3 columns.
2026-05-28 14:48:12,044 - WARNING - find_fmi_row_export(df_P_L_ROP_NE): Required label 'nissan export' not found in first 3 columns.
2026-05-28 14:48:12,483 - INFO - Step 3: building formula strings
2026-05-28 14:51:52,823 - INFO - Step 4: building cell update tables
2026-05-28 14:51:52,827 - INFO - Step 5: writing output file
2026-05-28 14:53:01,971 - INFO - ACT triggered
2026-05-28 14:53:01,971 - INFO - Submit_2 triggered
2026-05-28 14:53:01,972 - INFO - UI triggered
2026-05-28 15:00:16,767 - INFO - calculate_alternate_value_1 started
2026-05-28 15:00:16,768 - WARNING - [SKIP] DataFrame 'df_itp' is empty – cells \u2192 =0
2026-05-28 15:00:16,769 - INFO - Step 1: resolving column indices
2026-05-28 15:00:16,780 - INFO - Step 2: resolving row indices
2026-05-28 15:00:16,847 - WARNING - find_fmi_row_uc(df_P_L_ROP_NE): Required label 'uc nissan' not found in first 3 columns.
2026-05-28 15:00:16,849 - WARNING - find_fmi_row_as(df_P_L_ROP_NE): Required label 'as nissan' not found in first 3 columns.
2026-05-28 15:00:16,850 - WARNING - find_fmi_row_export(df_P_L_ROP_NE): Required label 'nissan export' not found in first 3 columns.
2026-05-28 15:00:17,289 - INFO - Step 3: building formula strings
2026-05-28 15:03:53,806 - INFO - Step 4: building cell update tables
2026-05-28 15:03:53,808 - INFO - Step 5: writing output file
2026-05-28 15:05:13,090 - INFO - ACT triggered
2026-05-28 15:05:13,090 - INFO - Submit_2 triggered
2026-05-28 15:05:13,090 - INFO - UI triggered
2026-05-28 15:11:59,959 - INFO - calculate_alternate_value_1 started
2026-05-28 15:11:59,960 - WARNING - [SKIP] DataFrame 'df_hQ_items' is empty – cells \u2192 =0
2026-05-28 15:11:59,960 - WARNING - [SKIP] DataFrame 'df_r_and_d' is empty – cells \u2192 =0
2026-05-28 15:11:59,961 - WARNING - [SKIP] DataFrame 'df_P_L_MCCP' is empty – cells \u2192 =0
2026-05-28 15:11:59,961 - WARNING - [SKIP] DataFrame 'df_Relief_KD' is empty – cells \u2192 =0
2026-05-28 15:11:59,962 - WARNING - [SKIP] DataFrame 'df_itp' is empty – cells \u2192 =0
2026-05-28 15:11:59,962 - WARNING - [SKIP] File 'HQ Item file' path is empty – formulas \u2192 =0
2026-05-28 15:11:59,963 - WARNING - [SKIP] File 'OSP TGK file' path is empty – formulas \u2192 =0
2026-05-28 15:11:59,964 - WARNING - [SKIP] File 'Relief KD file' path is empty – formulas \u2192 =0
2026-05-28 15:11:59,964 - WARNING - [SKIP] File 'Purchase Price file' path is empty – formulas \u2192 =0
2026-05-28 15:11:59,965 - INFO - Step 1: resolving column indices
2026-05-28 15:11:59,971 - INFO - Step 2: resolving row indices
2026-05-28 15:12:00,033 - WARNING - find_fmi_row_uc(df_P_L_ROP_NE): Required label 'uc nissan' not found in first 3 columns.
2026-05-28 15:12:00,035 - WARNING - find_fmi_row_as(df_P_L_ROP_NE): Required label 'as nissan' not found in first 3 columns.
2026-05-28 15:12:00,036 - WARNING - find_fmi_row_export(df_P_L_ROP_NE): Required label 'nissan export' not found in first 3 columns.
2026-05-28 15:12:00,484 - INFO - Step 3: building formula strings
2026-05-28 15:13:36,094 - INFO - ACT triggered
2026-05-28 15:13:36,095 - INFO - Submit_2 triggered
2026-05-28 15:13:36,095 - INFO - UI triggered
2026-06-03 13:17:41,184 - INFO - ACT triggered
2026-06-03 13:17:41,186 - INFO - Submit_2 triggered
2026-06-03 13:17:41,187 - INFO - UI triggered
2026-06-03 13:20:48,887 - ERROR - Error in Calculation Engine (calculate_alternate_value_1): TypeError: calculate_alternate_value_1() takes 51 positional arguments but 53 were given
2026-06-03 13:22:12,001 - INFO - ACT triggered
2026-06-03 13:22:12,001 - INFO - Submit_2 triggered
2026-06-03 13:22:12,001 - INFO - UI triggered
2026-06-03 13:24:12,882 - INFO - calculate_alternate_value_1 started
2026-06-03 13:24:12,883 - WARNING - [SKIP] DataFrame 'df_itp' is empty – cells \u2192 =0
2026-06-03 13:24:12,884 - INFO - Step 1: resolving column indices
2026-06-03 13:24:12,894 - INFO - Step 2: resolving row indices
2026-06-03 13:24:12,962 - WARNING - find_fmi_row_uc(df_P_L_ROP_NE): Required label 'uc nissan' not found in first 3 columns.
2026-06-03 13:24:12,964 - WARNING - find_fmi_row_as(df_P_L_ROP_NE): Required label 'as nissan' not found in first 3 columns.
2026-06-03 13:24:12,965 - WARNING - find_fmi_row_export(df_P_L_ROP_NE): Required label 'nissan export' not found in first 3 columns.
2026-06-03 13:24:13,447 - INFO - Step 3: building formula strings
2026-06-03 13:28:10,376 - INFO - Step 4: building cell update tables
2026-06-03 13:28:10,379 - INFO - Step 5: writing output file
2026-06-03 13:29:34,960 - INFO - P&L output written \u2192 C:/Users/NE72649/Desktop/Output_folder\FY25 P&L Summary May_output_FY2026-27.xlsx  (322.1s)
2026-06-03 13:29:34,964 - INFO - Z-Audit report written \u2192 C:/Users/NE72649/Desktop/Output_folder\zero_population_audit_20260603_132412.txt  (5 zero events)
2026-06-03 13:29:34,965 - INFO - Z-Audit report \u2192 C:/Users/NE72649/Desktop/Output_folder\zero_population_audit_20260603_132412.txt
2026-06-03 13:29:34,966 - INFO - Step 6: calling ACT
2026-06-03 13:29:34,968 - INFO - ACT started
2026-06-03 13:29:34,969 - INFO - ACT Step 1: resolving column indices
2026-06-03 13:29:36,553 - INFO - ACT Step 2: OSP lookups
2026-06-03 13:29:36,557 - INFO - ACT Step 3: HFM Managerial re-read
2026-06-03 13:29:36,558 - WARNING - find_values_pandas_HFM: 'DataFrame' object has no attribute 'applymap'
2026-06-03 13:29:45,830 - INFO - HMF Managerial re-read OK
2026-06-03 13:29:45,831 - INFO - ACT Step 4: building HFM formula block
2026-06-03 13:29:48,358 - INFO - ACT Step 5: goodwill row extraction
2026-06-03 13:29:48,359 - WARNING - [SKIP] File 'Goodwill generated output' not found ('C:/Users/NE72649/Desktop/Output_folder\\Goodwill_May_output_FY2026-27.xlsx') – formulas \u2192 =0
2026-06-03 13:29:48,373 - INFO - Goodwill f1=='[C:/Users/NE72649/Desktop/Test Folder_KD/Goodwill CALCULATION FILE.xlsx]GW Budget'!D2
2026-06-03 13:29:48,375 - INFO - ACT Step 6: relief row extraction
2026-06-03 13:29:48,970 - INFO - ACT Step 7: CFMI row extraction
2026-06-03 13:29:48,972 - INFO - ACT Step 8: building formulas
2026-06-03 13:30:00,916 - INFO - ACT Step 9: writing KPI output file
2026-06-03 13:30:04,724 - INFO - ACT KPI output written \u2192 C:/Users/NE72649/Desktop/Output_folder\NEW_KPI_P&L_May_output_FY2026-27.xlsx
2026-06-03 13:30:04,724 - INFO - ACT Step 10: writing Goodwill output file
2026-06-03 13:30:05,034 - INFO - ACT Goodwill output written
2026-06-03 13:30:05,035 - INFO - ACT completed
2026-06-03 13:52:04,689 - INFO - ACT triggered
2026-06-03 13:52:04,690 - INFO - Submit_2 triggered
2026-06-03 13:52:04,690 - INFO - UI triggered
2026-06-03 13:54:43,623 - INFO - ACT triggered
2026-06-03 13:54:43,624 - INFO - Submit_2 triggered
2026-06-03 13:54:43,624 - INFO - UI triggered
2026-06-03 14:02:49,391 - INFO - ACT triggered
2026-06-03 14:02:49,391 - INFO - Submit_2 triggered
2026-06-03 14:02:49,392 - INFO - UI triggered
2026-06-03 14:28:21,049 - INFO - ACT triggered
2026-06-03 14:28:21,049 - INFO - Submit_2 triggered
2026-06-03 14:28:21,049 - INFO - UI triggered
2026-06-03 14:32:37,345 - INFO - calculate_alternate_value_1 started
2026-06-03 14:32:37,345 - WARNING - [SKIP] DataFrame 'df_itp' is empty – cells \u2192 =0
2026-06-03 14:32:37,347 - INFO - Step 1: resolving column indices
2026-06-03 14:32:37,357 - INFO - Step 2: resolving row indices
2026-06-03 14:32:37,429 - WARNING - find_fmi_row_uc(df_P_L_ROP_NE): Required label 'uc nissan' not found in first 3 columns.
2026-06-03 14:32:37,430 - WARNING - find_fmi_row_as(df_P_L_ROP_NE): Required label 'as nissan' not found in first 3 columns.
2026-06-03 14:32:37,432 - WARNING - find_fmi_row_export(df_P_L_ROP_NE): Required label 'nissan export' not found in first 3 columns.
2026-06-03 14:32:37,914 - INFO - Step 3: building formula strings
2026-06-03 14:36:41,246 - INFO - Step 4: building cell update tables
2026-06-03 14:36:41,249 - INFO - Step 5: writing output file
2026-06-03 14:38:12,329 - INFO - P&L output written \u2192 C:/Users/NE72649/Desktop/Output_folders\FY25 P&L Summary April_output_FY2026-27.xlsx  (335.0s)
2026-06-03 14:38:12,332 - INFO - Z-Audit report written \u2192 C:/Users/NE72649/Desktop/Output_folders\zero_population_audit_20260603_143237.txt  (6 zero events)
2026-06-03 14:38:12,333 - INFO - Z-Audit report \u2192 C:/Users/NE72649/Desktop/Output_folders\zero_population_audit_20260603_143237.txt
2026-06-03 14:38:12,334 - INFO - Step 6: calling ACT
2026-06-03 14:38:12,334 - INFO - ACT started
2026-06-03 14:38:12,336 - INFO - ACT Step 1: resolving column indices
2026-06-03 14:38:13,784 - INFO - ACT Step 2: OSP lookups
2026-06-03 14:38:13,791 - INFO - ACT Step 3: HFM Managerial re-read
2026-06-03 14:38:13,792 - WARNING - find_values_pandas_HFM: 'DataFrame' object has no attribute 'applymap'
2026-06-03 14:38:23,238 - INFO - HMF Managerial re-read OK
2026-06-03 14:38:23,241 - INFO - ACT Step 4: building HFM formula block
2026-06-03 14:38:26,283 - INFO - ACT Step 5: goodwill row extraction
2026-06-03 14:38:27,184 - ERROR - Error in Calculation Engine (calculate_alternate_value_1): NameError: name 'r' is not defined
2026-06-03 14:40:45,531 - INFO - ACT triggered
2026-06-03 14:40:45,531 - INFO - Submit_2 triggered
2026-06-03 14:40:45,532 - INFO - UI triggered
2026-06-03 14:51:36,746 - INFO - ACT triggered
2026-06-03 14:51:36,746 - INFO - Submit_2 triggered
2026-06-03 14:51:36,746 - INFO - UI triggered
2026-06-03 14:53:35,790 - INFO - calculate_alternate_value_1 started
2026-06-03 14:53:35,791 - WARNING - [SKIP] DataFrame 'df_itp' is empty – cells \u2192 =0
2026-06-03 14:53:35,792 - INFO - Step 1: resolving column indices
2026-06-03 14:53:35,802 - INFO - Step 2: resolving row indices
2026-06-03 14:53:35,874 - WARNING - find_fmi_row_uc(df_P_L_ROP_NE): Required label 'uc nissan' not found in first 3 columns.
2026-06-03 14:53:35,876 - WARNING - find_fmi_row_as(df_P_L_ROP_NE): Required label 'as nissan' not found in first 3 columns.
2026-06-03 14:53:35,878 - WARNING - find_fmi_row_export(df_P_L_ROP_NE): Required label 'nissan export' not found in first 3 columns.
2026-06-03 14:53:36,378 - INFO - Step 3: building formula strings
2026-06-03 14:57:29,788 - INFO - Step 4: building cell update tables
2026-06-03 14:57:29,791 - INFO - Step 5: writing output file
2026-06-03 14:58:54,114 - INFO - P&L output written \u2192 C:/Users/NE72649/Desktop/Output_folders\FY25 P&L Summary April_output_FY2026-27.xlsx  (318.3s)
2026-06-03 14:58:54,117 - INFO - Z-Audit report written \u2192 C:/Users/NE72649/Desktop/Output_folders\zero_population_audit_20260603_145335.txt  (6 zero events)
2026-06-03 14:58:54,117 - INFO - Z-Audit report \u2192 C:/Users/NE72649/Desktop/Output_folders\zero_population_audit_20260603_145335.txt
2026-06-03 14:58:54,118 - INFO - Step 6: calling ACT
2026-06-03 14:58:54,118 - INFO - ACT started
2026-06-03 14:58:54,119 - INFO - ACT Step 1: resolving column indices
2026-06-03 14:58:55,747 - INFO - ACT Step 2: OSP lookups
2026-06-03 14:58:55,754 - INFO - ACT Step 3: HFM Managerial re-read
2026-06-03 14:58:55,755 - WARNING - find_values_pandas_HFM: 'DataFrame' object has no attribute 'applymap'
2026-06-03 14:59:04,724 - INFO - HMF Managerial re-read OK
2026-06-03 14:59:04,724 - INFO - ACT Step 4: building HFM formula block
2026-06-03 14:59:07,335 - INFO - ACT Step 5: goodwill row extraction
2026-06-03 14:59:07,756 - ERROR - Error in Calculation Engine (calculate_alternate_value_1): NameError: name 'r' is not defined
2026-06-04 09:19:28,099 - INFO - ACT triggered
2026-06-04 09:19:28,100 - INFO - Submit_2 triggered
2026-06-04 09:19:28,100 - INFO - UI triggered
2026-06-04 09:34:02,777 - INFO - ACT triggered
2026-06-04 09:34:02,777 - INFO - Submit_2 triggered
2026-06-04 09:34:02,777 - INFO - UI triggered
2026-06-04 09:36:00,432 - INFO - calculate_alternate_value_1 started
2026-06-04 09:36:00,433 - WARNING - [SKIP] DataFrame 'df_itp' is empty – cells \u2192 =0
2026-06-04 09:36:00,434 - INFO - Step 1: resolving column indices
2026-06-04 09:36:00,443 - INFO - Step 2: resolving row indices
2026-06-04 09:36:00,509 - WARNING - find_fmi_row_uc(df_P_L_ROP_NE): Required label 'uc nissan' not found in first 3 columns.
2026-06-04 09:36:00,511 - WARNING - find_fmi_row_as(df_P_L_ROP_NE): Required label 'as nissan' not found in first 3 columns.
2026-06-04 09:36:00,513 - WARNING - find_fmi_row_export(df_P_L_ROP_NE): Required label 'nissan export' not found in first 3 columns.
2026-06-04 09:36:00,962 - INFO - Step 3: building formula strings
2026-06-04 09:39:39,793 - INFO - Step 4: building cell update tables
2026-06-04 09:39:39,796 - INFO - Step 5: writing output file
2026-06-04 09:41:05,724 - INFO - P&L output written \u2192 C:/Users/NE72649/Desktop/Output_folders\FY25 P&L Summary April_output_FY2026-27.xlsx  (305.3s)
2026-06-04 09:41:05,726 - INFO - Z-Audit report written \u2192 C:/Users/NE72649/Desktop/Output_folders\zero_population_audit_20260604_093600.txt  (6 zero events)
2026-06-04 09:41:05,726 - INFO - Z-Audit report \u2192 C:/Users/NE72649/Desktop/Output_folders\zero_population_audit_20260604_093600.txt
2026-06-04 09:41:05,726 - INFO - Step 6: calling ACT
2026-06-04 09:41:05,726 - INFO - ACT started
2026-06-04 09:41:05,727 - INFO - ACT Step 1: resolving column indices
2026-06-04 09:41:07,040 - INFO - ACT Step 2: OSP lookups
2026-06-04 09:41:07,044 - INFO - ACT Step 3: HFM Managerial re-read
2026-06-04 09:41:07,044 - WARNING - find_values_pandas_HFM: 'DataFrame' object has no attribute 'applymap'
2026-06-04 09:41:15,251 - INFO - HMF Managerial re-read OK
2026-06-04 09:41:15,251 - INFO - ACT Step 4: building HFM formula block
2026-06-04 09:41:17,620 - INFO - ACT Step 5: goodwill row extraction
2026-06-04 09:41:17,633 - INFO - Goodwill f1=='[C:/Users/NE72649/Desktop/Test Folder_KD/Goodwill CALCULATION FILE.xlsx]GW Budget'!C10
2026-06-04 09:41:17,633 - INFO - ACT Step 6: relief row extraction
2026-06-04 09:41:18,121 - INFO - ACT Step 7: CFMI row extraction
2026-06-04 09:41:18,122 - INFO - ACT Step 8: building formulas
2026-06-04 09:41:26,988 - INFO - ACT Step 9: writing KPI output file
2026-06-04 09:41:30,396 - INFO - ACT KPI output written \u2192 C:/Users/NE72649/Desktop/Output_folders\NEW_KPI_P&L_April_output_FY2026-27.xlsx
2026-06-04 09:41:30,397 - INFO - ACT Step 10: writing Goodwill output file
2026-06-04 09:41:30,695 - INFO - ACT Goodwill output written
2026-06-04 09:41:30,695 - INFO - ACT completed
2026-06-04 11:15:23,135 - INFO - calculate_alternate_value_1 started
2026-06-04 11:15:23,137 - WARNING - [SKIP] DataFrame 'df_itp' is empty – cells \u2192 =0
2026-06-04 11:15:23,138 - INFO - Step 1: resolving column indices
2026-06-04 11:15:23,148 - INFO - Step 2: resolving row indices
2026-06-04 11:15:23,214 - WARNING - find_fmi_row_uc(df_P_L_ROP_NE): Required label 'uc nissan' not found in first 3 columns.
2026-06-04 11:15:23,216 - WARNING - find_fmi_row_as(df_P_L_ROP_NE): Required label 'as nissan' not found in first 3 columns.
2026-06-04 11:15:23,218 - WARNING - find_fmi_row_export(df_P_L_ROP_NE): Required label 'nissan export' not found in first 3 columns.
2026-06-04 11:15:23,681 - INFO - Step 3: building formula strings
2026-06-04 11:19:13,514 - INFO - Step 4: building cell update tables
2026-06-04 11:19:13,516 - INFO - Step 5: writing output file
2026-06-04 11:20:38,424 - INFO - P&L output written \u2192 C:/Users/NE72649/Desktop/Output_folders\FY25 P&L Summary April_output_FY2026-27.xlsx  (315.3s)
2026-06-04 11:20:38,426 - INFO - Z-Audit report written \u2192 C:/Users/NE72649/Desktop/Output_folders\zero_population_audit_20260604_111523.txt  (6 zero events)
2026-06-04 11:20:38,426 - INFO - Z-Audit report \u2192 C:/Users/NE72649/Desktop/Output_folders\zero_population_audit_20260604_111523.txt
2026-06-04 11:20:38,426 - INFO - Step 6: calling ACT
2026-06-04 11:20:38,426 - INFO - ACT started
2026-06-04 11:20:38,427 - INFO - ACT Step 1: resolving column indices
2026-06-04 11:20:39,902 - INFO - ACT Step 2: OSP lookups
2026-06-04 11:20:39,906 - INFO - ACT Step 3: HFM Managerial re-read
2026-06-04 11:20:39,906 - WARNING - find_values_pandas_HFM: 'DataFrame' object has no attribute 'applymap'
2026-06-04 11:20:48,248 - INFO - HMF Managerial re-read OK
2026-06-04 11:20:48,249 - INFO - ACT Step 4: building HFM formula block
2026-06-04 11:20:50,749 - INFO - ACT Step 5: goodwill row extraction
2026-06-04 11:20:50,766 - INFO - Goodwill f1=='[C:/Users/NE72649/Desktop/Test Folder_KD/Goodwill CALCULATION FILE.xlsx]GW Budget'!C10
2026-06-04 11:20:50,767 - INFO - ACT Step 6: relief row extraction
2026-06-04 11:20:51,277 - INFO - ACT Step 7: CFMI row extraction
2026-06-04 11:20:51,279 - INFO - ACT Step 8: building formulas
2026-06-04 11:21:01,035 - INFO - ACT Step 9: writing KPI output file
2026-06-04 11:21:04,485 - INFO - ACT KPI output written \u2192 C:/Users/NE72649/Desktop/Output_folders\NEW_KPI_P&L_April_output_FY2026-27.xlsx
2026-06-04 11:21:04,486 - INFO - ACT Step 10: writing Goodwill output file
2026-06-04 11:21:04,782 - INFO - ACT Goodwill output written
2026-06-04 11:21:04,782 - INFO - ACT completed
2026-06-04 11:48:15,693 - INFO - ACT triggered
2026-06-04 11:48:15,693 - INFO - Submit_2 triggered
2026-06-04 11:48:15,694 - INFO - UI triggered
2026-06-04 11:51:06,466 - INFO - calculate_alternate_value_1 started
2026-06-04 11:51:06,466 - WARNING - [SKIP] DataFrame 'df_itp' is empty – cells \u2192 =0
2026-06-04 11:51:06,468 - INFO - Step 1: resolving column indices
2026-06-04 11:51:06,477 - INFO - Step 2: resolving row indices
2026-06-04 11:51:06,551 - WARNING - find_fmi_row_uc(df_P_L_ROP_NE): Required label 'uc nissan' not found in first 3 columns.
2026-06-04 11:51:06,553 - WARNING - find_fmi_row_as(df_P_L_ROP_NE): Required label 'as nissan' not found in first 3 columns.
2026-06-04 11:51:06,554 - WARNING - find_fmi_row_export(df_P_L_ROP_NE): Required label 'nissan export' not found in first 3 columns.
2026-06-04 11:51:07,048 - INFO - Step 3: building formula strings
2026-06-04 11:54:57,433 - INFO - Step 4: building cell update tables
2026-06-04 11:54:57,435 - INFO - Step 5: writing output file
2026-06-04 11:56:18,785 - INFO - P&L output written \u2192 C:/Users/NE72649/Desktop/Output_folders\FY25 P&L Summary April_output_FY2026-27.xlsx  (312.3s)
2026-06-04 11:56:18,788 - INFO - Z-Audit report written \u2192 C:/Users/NE72649/Desktop/Output_folders\zero_population_audit_20260604_115106.txt  (6 zero events)
2026-06-04 11:56:18,788 - INFO - Z-Audit report \u2192 C:/Users/NE72649/Desktop/Output_folders\zero_population_audit_20260604_115106.txt
2026-06-04 11:56:18,789 - INFO - Step 6: calling ACT
2026-06-04 11:56:18,790 - INFO - ACT started
2026-06-04 11:56:18,791 - INFO - ACT Step 1: resolving column indices
2026-06-04 11:56:20,107 - INFO - ACT Step 2: OSP lookups
2026-06-04 11:56:20,114 - INFO - ACT Step 3: HFM Managerial re-read
2026-06-04 11:56:20,115 - WARNING - find_values_pandas_HFM: 'DataFrame' object has no attribute 'applymap'
2026-06-04 11:56:28,896 - INFO - HMF Managerial re-read OK
2026-06-04 11:56:28,897 - INFO - ACT Step 4: building HFM formula block
2026-06-04 11:56:31,275 - INFO - ACT Step 5: goodwill row extraction
2026-06-04 11:56:31,289 - INFO - Goodwill f1=='[C:/Users/NE72649/Desktop/Test Folder_KD/Goodwill CALCULATION FILE.xlsx]GW Budget'!C5
2026-06-04 11:56:31,290 - INFO - ACT Step 6: relief row extraction
2026-06-04 11:56:31,797 - INFO - ACT Step 7: CFMI row extraction
2026-06-04 11:56:31,799 - INFO - ACT Step 8: building formulas
2026-06-04 11:56:41,366 - INFO - ACT Step 9: writing KPI output file
2026-06-04 11:56:44,851 - INFO - ACT KPI output written \u2192 C:/Users/NE72649/Desktop/Output_folders\NEW_KPI_P&L_April_output_FY2026-27.xlsx
2026-06-04 11:56:44,852 - INFO - ACT Step 10: writing Goodwill output file
2026-06-04 11:56:45,128 - INFO - ACT Goodwill output written
2026-06-04 11:56:45,128 - INFO - ACT completed
2026-06-04 12:11:33,797 - INFO - calculate_alternate_value_1 started
2026-06-04 12:11:33,798 - WARNING - [SKIP] DataFrame 'df_itp' is empty – cells \u2192 =0
2026-06-04 12:11:33,800 - INFO - Step 1: resolving column indices
2026-06-04 12:11:33,808 - INFO - Step 2: resolving row indices
2026-06-04 12:11:33,882 - WARNING - find_fmi_row_uc(df_P_L_ROP_NE): Required label 'uc nissan' not found in first 3 columns.
2026-06-04 12:11:33,884 - WARNING - find_fmi_row_as(df_P_L_ROP_NE): Required label 'as nissan' not found in first 3 columns.
2026-06-04 12:11:33,886 - WARNING - find_fmi_row_export(df_P_L_ROP_NE): Required label 'nissan export' not found in first 3 columns.
2026-06-04 12:11:34,340 - INFO - Step 3: building formula strings
2026-06-04 12:15:22,857 - INFO - Step 4: building cell update tables
2026-06-04 12:15:22,859 - INFO - Step 5: writing output file
2026-06-04 12:16:47,256 - INFO - P&L output written \u2192 C:/Users/NE72649/Desktop/Output_folders\FY25 P&L Summary April_output_FY2026-27.xlsx  (313.5s)
2026-06-04 12:16:47,257 - INFO - Z-Audit report written \u2192 C:/Users/NE72649/Desktop/Output_folders\zero_population_audit_20260604_121133.txt  (6 zero events)
2026-06-04 12:16:47,258 - INFO - Z-Audit report \u2192 C:/Users/NE72649/Desktop/Output_folders\zero_population_audit_20260604_121133.txt
2026-06-04 12:16:47,258 - INFO - Step 6: calling ACT
2026-06-04 12:16:47,258 - INFO - ACT started
2026-06-04 12:16:47,258 - INFO - ACT Step 1: resolving column indices
2026-06-04 12:16:48,673 - INFO - ACT Step 2: OSP lookups
2026-06-04 12:16:48,677 - INFO - ACT Step 3: HFM Managerial re-read
2026-06-04 12:16:48,677 - WARNING - find_values_pandas_HFM: 'DataFrame' object has no attribute 'applymap'
2026-06-04 12:16:59,093 - INFO - HMF Managerial re-read OK
2026-06-04 12:16:59,094 - INFO - ACT Step 4: building HFM formula block
2026-06-04 12:17:02,087 - INFO - ACT Step 5: goodwill row extraction
2026-06-04 12:17:02,101 - INFO - Goodwill f1=='[C:/Users/NE72649/Desktop/Test Folder_KD/Goodwill CALCULATION FILE.xlsx]GW Budget'!C5
2026-06-04 12:17:02,102 - INFO - ACT Step 6: relief row extraction
2026-06-04 12:17:02,652 - INFO - ACT Step 7: CFMI row extraction
2026-06-04 12:17:02,655 - INFO - ACT Step 8: building formulas
2026-06-04 12:17:14,064 - INFO - ACT Step 9: writing KPI output file
2026-06-04 12:17:20,071 - INFO - ACT KPI output written \u2192 C:/Users/NE72649/Desktop/Output_folders\NEW_KPI_P&L_April_output_FY2026-27.xlsx
2026-06-04 12:17:20,072 - INFO - ACT Step 10: writing Goodwill output file
2026-06-04 12:17:20,576 - INFO - ACT Goodwill output written
2026-06-04 12:17:20,576 - INFO - ACT completed
2026-06-04 14:27:41,871 - INFO - calculate_alternate_value_1 started
2026-06-04 14:27:41,872 - WARNING - [SKIP] DataFrame 'df_itp' is empty – cells \u2192 =0
2026-06-04 14:27:41,874 - INFO - Step 1: resolving column indices
2026-06-04 14:27:41,884 - INFO - Step 2: resolving row indices
2026-06-04 14:27:41,955 - WARNING - find_fmi_row_uc(df_P_L_ROP_NE): Required label 'uc nissan' not found in first 3 columns.
2026-06-04 14:27:41,957 - WARNING - find_fmi_row_as(df_P_L_ROP_NE): Required label 'as nissan' not found in first 3 columns.
2026-06-04 14:27:41,959 - WARNING - find_fmi_row_export(df_P_L_ROP_NE): Required label 'nissan export' not found in first 3 columns.
2026-06-04 14:27:42,445 - INFO - Step 3: building formula strings
2026-06-04 14:31:32,428 - INFO - Step 4: building cell update tables
2026-06-04 14:31:32,435 - INFO - Step 5: writing output file
2026-06-04 14:32:52,677 - INFO - P&L output written \u2192 C:/Users/NE72649/Desktop/Output_folders\FY25 P&L Summary May_output_FY2026-27.xlsx  (310.8s)
2026-06-04 14:32:52,681 - INFO - Z-Audit report written \u2192 C:/Users/NE72649/Desktop/Output_folders\zero_population_audit_20260604_142741.txt  (5 zero events)
2026-06-04 14:32:52,682 - INFO - Z-Audit report \u2192 C:/Users/NE72649/Desktop/Output_folders\zero_population_audit_20260604_142741.txt
2026-06-04 14:32:52,682 - INFO - Step 6: calling ACT
2026-06-04 14:32:52,683 - INFO - ACT started
2026-06-04 14:32:52,684 - INFO - ACT Step 1: resolving column indices
2026-06-04 14:32:54,152 - INFO - ACT Step 2: OSP lookups
2026-06-04 14:32:54,157 - INFO - ACT Step 3: HFM Managerial re-read
2026-06-04 14:32:54,158 - WARNING - find_values_pandas_HFM: 'DataFrame' object has no attribute 'applymap'
2026-06-04 14:33:02,741 - INFO - HMF Managerial re-read OK
2026-06-04 14:33:02,741 - INFO - ACT Step 4: building HFM formula block
2026-06-04 14:33:05,273 - INFO - ACT Step 5: goodwill row extraction
2026-06-04 14:33:05,274 - WARNING - [SKIP] File 'Goodwill generated output' not found ('C:/Users/NE72649/Desktop/Output_folders\\Goodwill_May_output_FY2026-27.xlsx') – formulas \u2192 =0
2026-06-04 14:33:05,288 - INFO - Goodwill f1=='[C:/Users/NE72649/Desktop/Test Folder_KD/Goodwill CALCULATION FILE.xlsx]GW Budget'!D5
2026-06-04 14:33:05,290 - INFO - ACT Step 6: relief row extraction
2026-06-04 14:33:05,819 - INFO - ACT Step 7: CFMI row extraction
2026-06-04 14:33:05,821 - INFO - ACT Step 8: building formulas
2026-06-04 14:33:15,981 - INFO - ACT Step 9: writing KPI output file
2026-06-04 14:33:19,598 - INFO - ACT KPI output written \u2192 C:/Users/NE72649/Desktop/Output_folders\NEW_KPI_P&L_May_output_FY2026-27.xlsx
2026-06-04 14:33:19,599 - INFO - ACT Step 10: writing Goodwill output file
2026-06-04 14:33:19,901 - INFO - ACT Goodwill output written
2026-06-04 14:33:19,902 - INFO - ACT completed
2026-06-04 15:06:03,826 - INFO - ACT triggered
2026-06-04 15:06:03,826 - INFO - Submit_2 triggered
2026-06-04 15:06:03,827 - INFO - UI triggered
2026-06-04 15:09:17,348 - INFO - calculate_alternate_value_1 started
2026-06-04 15:09:17,349 - WARNING - [SKIP] DataFrame 'df_itp' is empty – cells \u2192 =0
2026-06-04 15:09:17,350 - INFO - Step 1: resolving column indices
2026-06-04 15:09:17,362 - INFO - Step 2: resolving row indices
2026-06-04 15:09:17,431 - WARNING - find_fmi_row_uc(df_P_L_ROP_NE): Required label 'uc nissan' not found in first 3 columns.
2026-06-04 15:09:17,433 - WARNING - find_fmi_row_as(df_P_L_ROP_NE): Required label 'as nissan' not found in first 3 columns.
2026-06-04 15:09:17,435 - WARNING - find_fmi_row_export(df_P_L_ROP_NE): Required label 'nissan export' not found in first 3 columns.
2026-06-04 15:09:17,923 - INFO - Step 3: building formula strings
2026-06-04 15:13:09,681 - INFO - Step 4: building cell update tables
2026-06-04 15:13:09,688 - INFO - Step 5: writing output file
2026-06-04 15:14:38,137 - INFO - P&L output written \u2192 C:/Users/NE72649/Desktop/Output_folders\FY25 P&L Summary May_output_FY2026-27.xlsx  (320.8s)
2026-06-04 15:14:38,140 - INFO - Z-Audit report written \u2192 C:/Users/NE72649/Desktop/Output_folders\zero_population_audit_20260604_150917.txt  (4 zero events)
2026-06-04 15:14:38,140 - INFO - Z-Audit report \u2192 C:/Users/NE72649/Desktop/Output_folders\zero_population_audit_20260604_150917.txt
2026-06-04 15:14:38,141 - INFO - Step 6: calling ACT
2026-06-04 15:14:38,141 - INFO - ACT started
2026-06-04 15:14:38,142 - INFO - ACT Step 1: resolving column indices
2026-06-04 15:14:39,811 - INFO - ACT Step 2: OSP lookups
2026-06-04 15:14:39,815 - INFO - ACT Step 3: HFM Managerial re-read
2026-06-04 15:14:39,816 - WARNING - find_values_pandas_HFM: 'DataFrame' object has no attribute 'applymap'
2026-06-04 15:14:48,176 - INFO - HMF Managerial re-read OK
2026-06-04 15:14:48,177 - INFO - ACT Step 4: building HFM formula block
2026-06-04 15:14:51,022 - INFO - ACT Step 5: goodwill row extraction
2026-06-04 15:14:51,038 - INFO - Goodwill f1=='[C:/Users/NE72649/Desktop/Test Folder_KD/Goodwill CALCULATION FILE.xlsx]GW Budget'!D5
2026-06-04 15:14:51,040 - INFO - ACT Step 6: relief row extraction
2026-06-04 15:14:51,610 - INFO - ACT Step 7: CFMI row extraction
2026-06-04 15:14:51,614 - INFO - ACT Step 8: building formulas
2026-06-04 15:15:01,884 - INFO - ACT Step 9: writing KPI output file
2026-06-04 15:15:05,560 - INFO - ACT KPI output written \u2192 C:/Users/NE72649/Desktop/Output_folders\NEW_KPI_P&L_May_output_FY2026-27.xlsx
2026-06-04 15:15:05,561 - INFO - ACT Step 10: writing Goodwill output file
2026-06-04 15:15:05,847 - INFO - ACT Goodwill output written
2026-06-04 15:15:05,847 - INFO - ACT completed
2026-06-04 15:57:19,579 - INFO - ACT triggered
2026-06-04 15:57:19,579 - INFO - Submit_2 triggered
2026-06-04 15:57:19,579 - INFO - UI triggered
2026-06-04 15:59:23,880 - INFO - calculate_alternate_value_1 started
2026-06-04 15:59:23,882 - WARNING - [SKIP] DataFrame 'df_itp' is empty – cells \u2192 =0
2026-06-04 15:59:23,883 - INFO - Step 1: resolving column indices
2026-06-04 15:59:23,895 - INFO - Step 2: resolving row indices
2026-06-04 15:59:23,967 - WARNING - find_fmi_row_uc(df_P_L_ROP_NE): Required label 'uc nissan' not found in first 3 columns.
2026-06-04 15:59:23,969 - WARNING - find_fmi_row_as(df_P_L_ROP_NE): Required label 'as nissan' not found in first 3 columns.
2026-06-04 15:59:23,971 - WARNING - find_fmi_row_export(df_P_L_ROP_NE): Required label 'nissan export' not found in first 3 columns.
2026-06-04 15:59:24,466 - INFO - Step 3: building formula strings
2026-06-04 16:03:26,131 - INFO - Step 4: building cell update tables
2026-06-04 16:03:26,139 - INFO - Step 5: writing output file
2026-06-04 16:30:49,172 - INFO - ACT triggered
2026-06-04 16:30:49,172 - INFO - Submit_2 triggered
2026-06-04 16:30:49,173 - INFO - UI triggered
2026-06-04 16:32:59,938 - INFO - calculate_alternate_value_1 started
2026-06-04 16:32:59,949 - WARNING - [SKIP] DataFrame 'df_itp' is empty – cells \u2192 =0
2026-06-04 16:32:59,951 - INFO - Step 1: resolving column indices
2026-06-04 16:32:59,951 - INFO - Step 2: resolving row indices
2026-06-04 16:33:00,033 - WARNING - find_fmi_row_uc(df_P_L_ROP_NE): Required label 'uc nissan' not found in first 3 columns.
2026-06-04 16:33:00,035 - WARNING - find_fmi_row_as(df_P_L_ROP_NE): Required label 'as nissan' not found in first 3 columns.
2026-06-04 16:33:00,038 - WARNING - find_fmi_row_export(df_P_L_ROP_NE): Required label 'nissan export' not found in first 3 columns.
2026-06-04 16:33:00,565 - INFO - Step 3: building formula strings
2026-06-04 16:37:08,655 - INFO - Step 4: building cell update tables
2026-06-04 16:37:08,661 - INFO - Step 5: writing output file
2026-06-04 16:38:34,104 - INFO - P&L output written \u2192 C:/Users/NE72649/Desktop/Output_folders\FY25 P&L Summary May_output_FY2026-27.xlsx  (334.2s)
2026-06-04 16:38:34,107 - INFO - Z-Audit report written \u2192 C:/Users/NE72649/Desktop/Output_folders\zero_population_audit_20260604_163259.txt  (5 zero events)
2026-06-04 16:38:34,108 - INFO - Z-Audit report \u2192 C:/Users/NE72649/Desktop/Output_folders\zero_population_audit_20260604_163259.txt
2026-06-04 16:38:34,108 - INFO - Step 6: calling ACT
2026-06-04 16:38:34,109 - INFO - ACT started
2026-06-04 16:38:34,111 - INFO - ACT Step 1: resolving column indices
2026-06-04 16:38:35,543 - INFO - ACT Step 2: OSP lookups
2026-06-04 16:38:35,549 - INFO - ACT Step 3: HFM Managerial re-read
2026-06-04 16:38:35,550 - WARNING - find_values_pandas_HFM: 'DataFrame' object has no attribute 'applymap'
2026-06-04 16:38:44,803 - INFO - HMF Managerial re-read OK
2026-06-04 16:38:44,804 - INFO - ACT Step 4: building HFM formula block
2026-06-04 16:38:47,466 - INFO - ACT Step 5: goodwill row extraction
2026-06-04 16:38:47,481 - INFO - Goodwill f1=='[C:/Users/NE72649/Desktop/Test Folder_KD/Goodwill CALCULATION FILE.xlsx]GW Budget'!D5
2026-06-04 16:38:47,482 - INFO - ACT Step 6: relief row extraction
2026-06-04 16:38:48,078 - INFO - ACT Step 7: CFMI row extraction
2026-06-04 16:38:48,080 - INFO - ACT Step 8: building formulas
2026-06-04 16:38:58,581 - INFO - ACT Step 9: writing KPI output file
2026-06-04 16:39:02,203 - INFO - ACT KPI output written \u2192 C:/Users/NE72649/Desktop/Output_folders\NEW_KPI_P&L_May_output_FY2026-27.xlsx
2026-06-04 16:39:02,204 - INFO - ACT Step 10: writing Goodwill output file
2026-06-04 16:39:02,522 - INFO - ACT Goodwill output written
2026-06-04 16:39:02,522 - INFO - ACT completed
2026-06-04 16:41:19,379 - INFO - ACT triggered
2026-06-04 16:41:19,380 - INFO - Submit_2 triggered
2026-06-04 16:41:19,380 - INFO - UI triggered
2026-06-04 16:43:28,590 - INFO - calculate_alternate_value_1 started
2026-06-04 16:43:28,592 - WARNING - [SKIP] DataFrame 'df_itp' is empty – cells \u2192 =0
2026-06-04 16:43:28,593 - INFO - Step 1: resolving column indices
2026-06-04 16:43:28,594 - INFO - Step 2: resolving row indices
2026-06-04 16:43:28,672 - WARNING - find_fmi_row_uc(df_P_L_ROP_NE): Required label 'uc nissan' not found in first 3 columns.
2026-06-04 16:43:28,675 - WARNING - find_fmi_row_as(df_P_L_ROP_NE): Required label 'as nissan' not found in first 3 columns.
2026-06-04 16:43:28,676 - WARNING - find_fmi_row_export(df_P_L_ROP_NE): Required label 'nissan export' not found in first 3 columns.
2026-06-04 16:43:29,172 - INFO - Step 3: building formula strings
2026-06-04 16:47:31,161 - INFO - Step 4: building cell update tables
2026-06-04 16:47:31,170 - INFO - Step 5: writing output file
2026-06-04 16:48:58,373 - INFO - P&L output written \u2192 C:/Users/NE72649/Desktop/Output_folders\FY25 P&L Summary May_output_FY2026-27.xlsx  (329.8s)
2026-06-04 16:48:58,378 - INFO - Z-Audit report written \u2192 C:/Users/NE72649/Desktop/Output_folders\zero_population_audit_20260604_164328.txt  (6 zero events)
2026-06-04 16:48:58,379 - INFO - Z-Audit report \u2192 C:/Users/NE72649/Desktop/Output_folders\zero_population_audit_20260604_164328.txt
2026-06-04 16:48:58,379 - INFO - Step 6: calling ACT
2026-06-04 16:48:58,380 - INFO - ACT started
2026-06-04 16:48:58,381 - INFO - ACT Step 1: resolving column indices
2026-06-04 16:48:59,929 - INFO - ACT Step 2: OSP lookups
2026-06-04 16:48:59,934 - INFO - ACT Step 3: HFM Managerial re-read
2026-06-04 16:48:59,936 - WARNING - find_values_pandas_HFM: 'DataFrame' object has no attribute 'applymap'
2026-06-04 16:49:09,258 - INFO - HMF Managerial re-read OK
2026-06-04 16:49:09,259 - INFO - ACT Step 4: building HFM formula block
2026-06-04 16:49:11,857 - INFO - ACT Step 5: goodwill row extraction
2026-06-04 16:49:11,875 - INFO - Goodwill f1=='[C:/Users/NE72649/Desktop/Test Folder_KD/Goodwill CALCULATION FILE.xlsx]GW Budget'!D5
2026-06-04 16:49:11,876 - INFO - ACT Step 6: relief row extraction
2026-06-04 16:49:12,487 - INFO - ACT Step 7: CFMI row extraction
2026-06-04 16:49:12,489 - INFO - ACT Step 8: building formulas
2026-06-04 16:49:22,885 - INFO - ACT Step 9: writing KPI output file
2026-06-04 16:49:27,412 - INFO - ACT KPI output written \u2192 C:/Users/NE72649/Desktop/Output_folders\NEW_KPI_P&L_May_output_FY2026-27.xlsx
2026-06-04 16:49:27,414 - INFO - ACT Step 10: writing Goodwill output file
2026-06-04 16:49:27,850 - INFO - ACT Goodwill output written
2026-06-04 16:49:27,851 - INFO - ACT completed
2026-06-04 16:52:31,485 - INFO - ACT triggered
2026-06-04 16:52:31,486 - INFO - Submit_2 triggered
2026-06-04 16:52:31,486 - INFO - UI triggered
2026-06-04 16:54:58,927 - INFO - calculate_alternate_value_1 started
2026-06-04 16:54:58,928 - WARNING - [SKIP] DataFrame 'df_itp' is empty – cells \u2192 =0
2026-06-04 16:54:58,929 - INFO - Step 1: resolving column indices
2026-06-04 16:54:58,930 - INFO - Step 2: resolving row indices
2026-06-04 16:54:59,010 - WARNING - find_fmi_row_uc(df_P_L_ROP_NE): Required label 'uc nissan' not found in first 3 columns.
2026-06-04 16:54:59,012 - WARNING - find_fmi_row_as(df_P_L_ROP_NE): Required label 'as nissan' not found in first 3 columns.
2026-06-04 16:54:59,014 - WARNING - find_fmi_row_export(df_P_L_ROP_NE): Required label 'nissan export' not found in first 3 columns.
2026-06-04 16:54:59,529 - INFO - Step 3: building formula strings
2026-06-04 16:59:08,722 - INFO - Step 4: building cell update tables
2026-06-04 16:59:08,737 - INFO - Step 5: writing output file
2026-06-04 17:00:42,522 - INFO - P&L output written \u2192 C:/Users/NE72649/Desktop/Output_folders\FY25 P&L Summary April_output_FY2026-27.xlsx  (343.6s)
2026-06-04 17:00:42,526 - INFO - Z-Audit report written \u2192 C:/Users/NE72649/Desktop/Output_folders\zero_population_audit_20260604_165458.txt  (6 zero events)
2026-06-04 17:00:42,526 - INFO - Z-Audit report \u2192 C:/Users/NE72649/Desktop/Output_folders\zero_population_audit_20260604_165458.txt
2026-06-04 17:00:42,527 - INFO - Step 6: calling ACT
2026-06-04 17:00:42,528 - INFO - ACT started
2026-06-04 17:00:42,529 - INFO - ACT Step 1: resolving column indices
2026-06-04 17:00:44,067 - INFO - ACT Step 2: OSP lookups
2026-06-04 17:00:44,076 - INFO - ACT Step 3: HFM Managerial re-read
2026-06-04 17:00:44,077 - WARNING - find_values_pandas_HFM: 'DataFrame' object has no attribute 'applymap'
2026-06-04 17:00:53,360 - INFO - HMF Managerial re-read OK
2026-06-04 17:00:53,361 - INFO - ACT Step 4: building HFM formula block
2026-06-04 17:00:56,007 - INFO - ACT Step 5: goodwill row extraction
2026-06-04 17:00:56,022 - INFO - Goodwill f1=='[C:/Users/NE72649/Desktop/Test Folder_KD/Goodwill CALCULATION FILE.xlsx]GW Budget'!C5
2026-06-04 17:00:56,026 - INFO - ACT Step 6: relief row extraction
2026-06-04 17:00:56,634 - INFO - ACT Step 7: CFMI row extraction
2026-06-04 17:00:56,636 - INFO - ACT Step 8: building formulas
2026-06-04 17:01:07,361 - INFO - ACT Step 9: writing KPI output file
2026-06-04 17:01:11,103 - INFO - ACT KPI output written \u2192 C:/Users/NE72649/Desktop/Output_folders\NEW_KPI_P&L_April_output_FY2026-27.xlsx
2026-06-04 17:01:11,106 - INFO - ACT Step 10: writing Goodwill output file
2026-06-04 17:01:11,470 - INFO - ACT Goodwill output written
2026-06-04 17:01:11,471 - INFO - ACT completed
2026-06-04 17:05:53,911 - INFO - ACT triggered
2026-06-04 17:05:53,911 - INFO - Submit_2 triggered
2026-06-04 17:05:53,911 - INFO - UI triggered
2026-06-04 17:08:24,572 - INFO - calculate_alternate_value_1 started
2026-06-04 17:08:24,573 - WARNING - [SKIP] DataFrame 'df_itp' is empty – cells \u2192 =0
2026-06-04 17:08:24,575 - INFO - Step 1: resolving column indices
2026-06-04 17:08:24,575 - INFO - Step 2: resolving row indices
2026-06-04 17:08:24,665 - WARNING - find_fmi_row_uc(df_P_L_ROP_NE): Required label 'uc nissan' not found in first 3 columns.
2026-06-04 17:08:24,668 - WARNING - find_fmi_row_as(df_P_L_ROP_NE): Required label 'as nissan' not found in first 3 columns.
2026-06-04 17:08:24,670 - WARNING - find_fmi_row_export(df_P_L_ROP_NE): Required label 'nissan export' not found in first 3 columns.
2026-06-04 17:08:25,216 - INFO - Step 3: building formula strings
2026-06-04 17:12:43,145 - INFO - Step 4: building cell update tables
2026-06-04 17:12:43,152 - INFO - Step 5: writing output file
2026-06-04 17:14:20,700 - INFO - P&L output written \u2192 C:/Users/NE72649/Desktop/Output_folders\FY25 P&L Summary May_output_FY2026-27.xlsx  (356.1s)
2026-06-04 17:14:20,704 - INFO - Z-Audit report written \u2192 C:/Users/NE72649/Desktop/Output_folders\zero_population_audit_20260604_170824.txt  (5 zero events)
2026-06-04 17:14:20,704 - INFO - Z-Audit report \u2192 C:/Users/NE72649/Desktop/Output_folders\zero_population_audit_20260604_170824.txt
2026-06-04 17:14:20,706 - INFO - Step 6: calling ACT
2026-06-04 17:14:20,707 - INFO - ACT started
2026-06-04 17:14:20,709 - INFO - ACT Step 1: resolving column indices
2026-06-04 17:14:22,490 - INFO - ACT Step 2: OSP lookups
2026-06-04 17:14:22,497 - INFO - ACT Step 3: HFM Managerial re-read
2026-06-04 17:14:22,499 - WARNING - find_values_pandas_HFM: 'DataFrame' object has no attribute 'applymap'
2026-06-04 17:14:31,558 - INFO - HMF Managerial re-read OK
2026-06-04 17:14:31,559 - INFO - ACT Step 4: building HFM formula block
2026-06-04 17:14:34,308 - INFO - ACT Step 5: goodwill row extraction
2026-06-04 17:14:34,323 - INFO - Goodwill f1=='[C:/Users/NE72649/Desktop/Test Folder_KD/Goodwill CALCULATION FILE.xlsx]GW Budget'!D5
2026-06-04 17:14:34,324 - INFO - ACT Step 6: relief row extraction
2026-06-04 17:14:34,922 - INFO - ACT Step 7: CFMI row extraction
2026-06-04 17:14:34,924 - INFO - ACT Step 8: building formulas
2026-06-04 17:14:45,756 - INFO - ACT Step 9: writing KPI output file
2026-06-04 17:14:49,711 - INFO - ACT KPI output written \u2192 C:/Users/NE72649/Desktop/Output_folders\NEW_KPI_P&L_May_output_FY2026-27.xlsx
2026-06-04 17:14:49,712 - INFO - ACT Step 10: writing Goodwill output file
2026-06-04 17:14:50,034 - INFO - ACT Goodwill output written
2026-06-04 17:14:50,034 - INFO - ACT completed
2026-06-04 17:20:28,597 - INFO - ACT triggered
2026-06-04 17:20:28,598 - INFO - Submit_2 triggered
2026-06-04 17:20:28,598 - INFO - UI triggered
2026-06-04 17:23:34,687 - INFO - calculate_alternate_value_1 started
2026-06-04 17:23:34,689 - WARNING - [SKIP] DataFrame 'df_itp' is empty – cells \u2192 =0
2026-06-04 17:23:34,690 - INFO - Step 1: resolving column indices
2026-06-04 17:23:34,705 - INFO - Step 2: resolving row indices
2026-06-04 17:23:34,784 - WARNING - find_fmi_row_uc(df_P_L_ROP_NE): Required label 'uc nissan' not found in first 3 columns.
2026-06-04 17:23:34,786 - WARNING - find_fmi_row_as(df_P_L_ROP_NE): Required label 'as nissan' not found in first 3 columns.
2026-06-04 17:23:34,789 - WARNING - find_fmi_row_export(df_P_L_ROP_NE): Required label 'nissan export' not found in first 3 columns.
2026-06-04 17:23:35,312 - INFO - Step 3: building formula strings
2026-06-04 17:28:02,844 - INFO - Step 4: building cell update tables
2026-06-04 17:28:02,848 - INFO - Step 5: writing output file
2026-06-04 17:30:08,590 - INFO - P&L output written \u2192 C:/Users/NE72649/Desktop/Output_folders\FY25 P&L Summary April_output_FY2026-27.xlsx  (393.9s)
2026-06-04 17:30:08,594 - INFO - Z-Audit report written \u2192 C:/Users/NE72649/Desktop/Output_folders\zero_population_audit_20260604_172334.txt  (6 zero events)
2026-06-04 17:30:08,595 - INFO - Z-Audit report \u2192 C:/Users/NE72649/Desktop/Output_folders\zero_population_audit_20260604_172334.txt
2026-06-04 17:30:08,595 - INFO - Step 6: calling ACT
2026-06-04 17:30:08,596 - INFO - ACT started
2026-06-04 17:30:08,597 - INFO - ACT Step 1: resolving column indices
2026-06-04 17:30:10,441 - INFO - ACT Step 2: OSP lookups
2026-06-04 17:30:10,447 - INFO - ACT Step 3: HFM Managerial re-read
2026-06-04 17:30:10,448 - WARNING - find_values_pandas_HFM: 'DataFrame' object has no attribute 'applymap'
2026-06-04 17:30:19,592 - INFO - HMF Managerial re-read OK
2026-06-04 17:30:19,593 - INFO - ACT Step 4: building HFM formula block
2026-06-04 17:30:22,364 - INFO - ACT Step 5: goodwill row extraction
2026-06-04 17:30:22,365 - WARNING - [SKIP] File 'Goodwill generated output' not found ('C:/Users/NE72649/Desktop/Output_folders\\Goodwill_April_output_FY2026-27.xlsx') – formulas \u2192 =0
2026-06-04 17:30:22,380 - INFO - Goodwill f1=='[C:/Users/NE72649/Desktop/Test Folder_KD/Goodwill CALCULATION FILE.xlsx]GW Budget'!C5
2026-06-04 17:30:22,381 - INFO - ACT Step 6: relief row extraction
2026-06-04 17:30:22,951 - INFO - ACT Step 7: CFMI row extraction
2026-06-04 17:30:22,953 - INFO - ACT Step 8: building formulas
2026-06-04 17:30:33,593 - INFO - ACT Step 9: writing KPI output file
2026-06-04 17:30:37,421 - INFO - ACT KPI output written \u2192 C:/Users/NE72649/Desktop/Output_folders\NEW_KPI_P&L_April_output_FY2026-27.xlsx
2026-06-04 17:30:37,422 - INFO - ACT Step 10: writing Goodwill output file
2026-06-04 17:30:37,789 - INFO - ACT Goodwill output written
2026-06-04 17:30:37,790 - INFO - ACT completed
2026-06-04 18:09:32,661 - INFO - calculate_alternate_value_1 started
2026-06-04 18:09:32,773 - WARNING - [SKIP] DataFrame 'df_itp' is empty – cells \u2192 =0
2026-06-04 18:09:32,783 - INFO - Step 1: resolving column indices
2026-06-04 18:09:32,800 - INFO - Step 2: resolving row indices
2026-06-04 18:09:32,878 - WARNING - find_fmi_row_uc(df_P_L_ROP_NE): Required label 'uc nissan' not found in first 3 columns.
2026-06-04 18:09:32,885 - WARNING - find_fmi_row_as(df_P_L_ROP_NE): Required label 'as nissan' not found in first 3 columns.
2026-06-04 18:09:32,904 - WARNING - find_fmi_row_export(df_P_L_ROP_NE): Required label 'nissan export' not found in first 3 columns.
2026-06-04 18:09:33,426 - INFO - Step 3: building formula strings
2026-06-04 18:13:42,453 - INFO - Step 4: building cell update tables
2026-06-04 18:13:42,457 - INFO - Step 5: writing output file
2026-06-04 18:15:21,634 - INFO - P&L output written \u2192 C:/Users/NE72649/Desktop/Output_folders\FY25 P&L Summary April_output_FY2026-27.xlsx  (349.0s)
2026-06-04 18:15:21,641 - INFO - Z-Audit report written \u2192 C:/Users/NE72649/Desktop/Output_folders\zero_population_audit_20260604_180932.txt  (6 zero events)
2026-06-04 18:15:21,642 - INFO - Z-Audit report \u2192 C:/Users/NE72649/Desktop/Output_folders\zero_population_audit_20260604_180932.txt
2026-06-04 18:15:21,643 - INFO - Step 6: calling ACT
2026-06-04 18:15:21,644 - INFO - ACT started
2026-06-04 18:15:21,645 - INFO - ACT Step 1: resolving column indices
2026-06-04 18:15:23,220 - INFO - ACT Step 2: OSP lookups
2026-06-04 18:15:23,225 - INFO - ACT Step 3: HFM Managerial re-read
2026-06-04 18:15:23,226 - WARNING - find_values_pandas_HFM: 'DataFrame' object has no attribute 'applymap'
2026-06-04 18:15:32,073 - INFO - HMF Managerial re-read OK
2026-06-04 18:15:32,074 - INFO - ACT Step 4: building HFM formula block
2026-06-04 18:15:34,791 - INFO - ACT Step 5: goodwill row extraction
2026-06-04 18:15:34,791 - WARNING - [SKIP] File 'Goodwill generated output' not found ('C:/Users/NE72649/Desktop/Output_folders\\Goodwill_April_output_FY2026-27.xlsx') – formulas \u2192 =0
2026-06-04 18:15:34,805 - INFO - Goodwill f1=='[C:/Users/NE72649/Desktop/Test Folder_KD/Goodwill CALCULATION FILE.xlsx]GW Budget'!C5
2026-06-04 18:15:34,806 - INFO - ACT Step 6: relief row extraction
2026-06-04 18:15:35,382 - INFO - ACT Step 7: CFMI row extraction
2026-06-04 18:15:35,384 - INFO - ACT Step 8: building formulas
2026-06-04 18:15:45,753 - INFO - ACT Step 9: writing KPI output file
2026-06-04 18:15:49,523 - INFO - ACT KPI output written \u2192 C:/Users/NE72649/Desktop/Output_folders\NEW_KPI_P&L_April_output_FY2026-27.xlsx
2026-06-04 18:15:49,524 - INFO - ACT Step 10: writing Goodwill output file
2026-06-04 18:15:49,846 - INFO - ACT Goodwill output written
2026-06-04 18:15:49,847 - INFO - ACT completed
2026-06-05 17:02:25,912 - INFO - ACT triggered
2026-06-05 17:02:25,914 - INFO - Submit_2 triggered
2026-06-05 17:02:25,915 - INFO - UI triggered
2026-06-05 17:04:10,219 - INFO - ACT triggered
2026-06-05 17:04:10,219 - INFO - Submit_2 triggered
2026-06-05 17:04:10,220 - INFO - UI triggered
2026-06-05 17:06:19,525 - INFO - calculate_alternate_value_1 started
2026-06-05 17:06:19,526 - WARNING - [SKIP] DataFrame 'df_itp' is empty – cells \u2192 =0
2026-06-05 17:06:19,528 - INFO - Step 1: resolving column indices
2026-06-05 17:06:19,529 - INFO - Step 2: resolving row indices
2026-06-05 17:06:19,614 - WARNING - find_fmi_row_uc(df_P_L_ROP_NE): Required label 'uc nissan' not found in first 3 columns.
2026-06-05 17:06:19,616 - WARNING - find_fmi_row_as(df_P_L_ROP_NE): Required label 'as nissan' not found in first 3 columns.
2026-06-05 17:06:19,618 - WARNING - find_fmi_row_export(df_P_L_ROP_NE): Required label 'nissan export' not found in first 3 columns.
2026-06-05 17:06:20,130 - INFO - Step 3: building formula strings
2026-06-05 17:10:26,913 - INFO - Step 4: building cell update tables
2026-06-05 17:10:26,920 - INFO - Step 5: writing output file
2026-06-05 17:11:59,203 - INFO - P&L output written \u2192 C:/Users/NE72649/Desktop/Output_folders\FY25 P&L Summary April_output_FY2026-27.xlsx  (339.7s)
2026-06-05 17:11:59,206 - INFO - Z-Audit report written \u2192 C:/Users/NE72649/Desktop/Output_folders\zero_population_audit_20260605_170619.txt  (6 zero events)
2026-06-05 17:11:59,207 - INFO - Z-Audit report \u2192 C:/Users/NE72649/Desktop/Output_folders\zero_population_audit_20260605_170619.txt
2026-06-05 17:11:59,208 - INFO - Step 6: calling ACT
2026-06-05 17:11:59,209 - INFO - ACT started
2026-06-05 17:11:59,210 - INFO - ACT Step 1: resolving column indices
2026-06-05 17:12:00,863 - INFO - ACT Step 2: OSP lookups
2026-06-05 17:12:00,870 - INFO - ACT Step 3: HFM Managerial re-read
2026-06-05 17:12:00,871 - WARNING - find_values_pandas_HFM: 'DataFrame' object has no attribute 'applymap'
2026-06-05 17:12:10,015 - INFO - HMF Managerial re-read OK
2026-06-05 17:12:10,016 - INFO - ACT Step 4: building HFM formula block
2026-06-05 17:12:12,682 - INFO - ACT Step 5: goodwill row extraction
2026-06-05 17:12:12,696 - INFO - Goodwill f1=='[C:/Users/NE72649/Desktop/Test Folder_KD/Goodwill CALCULATION FILE.xlsx]GW Budget'!C5
2026-06-05 17:12:12,697 - INFO - ACT Step 6: relief row extraction
2026-06-05 17:12:13,272 - INFO - ACT Step 7: CFMI row extraction
2026-06-05 17:12:13,274 - INFO - ACT Step 8: building formulas
2026-06-05 17:12:23,765 - INFO - ACT Step 9: writing KPI output file
2026-06-05 17:12:27,449 - INFO - ACT KPI output written \u2192 C:/Users/NE72649/Desktop/Output_folders\NEW_KPI_P&L_April_output_FY2026-27.xlsx
2026-06-05 17:12:27,450 - INFO - ACT Step 10: writing Goodwill output file
2026-06-05 17:12:27,813 - INFO - ACT Goodwill output written
2026-06-05 17:12:27,814 - INFO - ACT completed
2026-06-05 17:15:31,999 - INFO - calculate_alternate_value_1 started
2026-06-05 17:15:32,000 - WARNING - [SKIP] DataFrame 'df_itp' is empty – cells \u2192 =0
2026-06-05 17:15:32,002 - INFO - Step 1: resolving column indices
2026-06-05 17:15:32,003 - INFO - Step 2: resolving row indices
2026-06-05 17:15:32,104 - WARNING - find_fmi_row_uc(df_P_L_ROP_NE): Required label 'uc nissan' not found in first 3 columns.
2026-06-05 17:15:32,107 - WARNING - find_fmi_row_as(df_P_L_ROP_NE): Required label 'as nissan' not found in first 3 columns.
2026-06-05 17:15:32,109 - WARNING - find_fmi_row_export(df_P_L_ROP_NE): Required label 'nissan export' not found in first 3 columns.
2026-06-05 17:15:32,674 - INFO - Step 3: building formula strings
2026-06-05 17:20:05,220 - INFO - Step 4: building cell update tables
2026-06-05 17:20:05,222 - INFO - Step 5: writing output file
2026-06-05 17:21:39,226 - INFO - P&L output written \u2192 C:/Users/NE72649/Desktop/Output_folders\FY25 P&L Summary May_output_FY2026-27.xlsx  (367.2s)
2026-06-05 17:21:39,230 - INFO - Z-Audit report written \u2192 C:/Users/NE72649/Desktop/Output_folders\zero_population_audit_20260605_171531.txt  (5 zero events)
2026-06-05 17:21:39,231 - INFO - Z-Audit report \u2192 C:/Users/NE72649/Desktop/Output_folders\zero_population_audit_20260605_171531.txt
2026-06-05 17:21:39,232 - INFO - Step 6: calling ACT
2026-06-05 17:21:39,233 - INFO - ACT started
2026-06-05 17:21:39,234 - INFO - ACT Step 1: resolving column indices
2026-06-05 17:21:40,752 - INFO - ACT Step 2: OSP lookups
2026-06-05 17:21:40,760 - INFO - ACT Step 3: HFM Managerial re-read
2026-06-05 17:21:40,762 - WARNING - find_values_pandas_HFM: 'DataFrame' object has no attribute 'applymap'
2026-06-05 17:21:50,010 - INFO - HMF Managerial re-read OK
2026-06-05 17:21:50,012 - INFO - ACT Step 4: building HFM formula block
2026-06-05 17:21:52,705 - INFO - ACT Step 5: goodwill row extraction
2026-06-05 17:21:52,706 - WARNING - [SKIP] File 'Goodwill generated output' not found ('C:/Users/NE72649/Desktop/Output_folders\\Goodwill_May_output_FY2026-27.xlsx') – formulas \u2192 =0
2026-06-05 17:21:52,720 - INFO - Goodwill f1=='[C:/Users/NE72649/Desktop/Test Folder_KD/Goodwill CALCULATION FILE.xlsx]GW Budget'!D5
2026-06-05 17:21:52,721 - INFO - ACT Step 6: relief row extraction
2026-06-05 17:21:53,301 - INFO - ACT Step 7: CFMI row extraction
2026-06-05 17:21:53,303 - INFO - ACT Step 8: building formulas
2026-06-05 17:22:03,882 - INFO - ACT Step 9: writing KPI output file
2026-06-05 17:22:07,977 - INFO - ACT KPI output written \u2192 C:/Users/NE72649/Desktop/Output_folders\NEW_KPI_P&L_May_output_FY2026-27.xlsx
2026-06-05 17:22:07,979 - INFO - ACT Step 10: writing Goodwill output file
2026-06-05 17:22:08,317 - INFO - ACT Goodwill output written
2026-06-05 17:22:08,318 - INFO - ACT completed
2026-06-05 17:27:54,296 - INFO - calculate_alternate_value_1 started
2026-06-05 17:27:54,297 - WARNING - [SKIP] DataFrame 'df_itp' is empty – cells \u2192 =0
2026-06-05 17:27:54,299 - INFO - Step 1: resolving column indices
2026-06-05 17:27:54,300 - INFO - Step 2: resolving row indices
2026-06-05 17:27:54,398 - WARNING - find_fmi_row_uc(df_P_L_ROP_NE): Required label 'uc nissan' not found in first 3 columns.
2026-06-05 17:27:54,401 - WARNING - find_fmi_row_as(df_P_L_ROP_NE): Required label 'as nissan' not found in first 3 columns.
2026-06-05 17:27:54,403 - WARNING - find_fmi_row_export(df_P_L_ROP_NE): Required label 'nissan export' not found in first 3 columns.
2026-06-05 17:27:54,995 - INFO - Step 3: building formula strings
2026-06-05 17:32:10,465 - INFO - Step 4: building cell update tables
2026-06-05 17:32:10,474 - INFO - Step 5: writing output file
2026-06-05 17:33:45,085 - INFO - P&L output written \u2192 C:/Users/NE72649/Desktop/Output_folders\FY25 P&L Summary April_output_FY2026-27.xlsx  (350.8s)
2026-06-05 17:33:45,089 - INFO - Z-Audit report written \u2192 C:/Users/NE72649/Desktop/Output_folders\zero_population_audit_20260605_172754.txt  (6 zero events)
2026-06-05 17:33:45,090 - INFO - Z-Audit report \u2192 C:/Users/NE72649/Desktop/Output_folders\zero_population_audit_20260605_172754.txt
2026-06-05 17:33:45,092 - INFO - Step 6: calling ACT
2026-06-05 17:33:45,092 - INFO - ACT started
2026-06-05 17:33:45,094 - INFO - ACT Step 1: resolving column indices
2026-06-05 17:33:46,921 - INFO - ACT Step 2: OSP lookups
2026-06-05 17:33:46,927 - INFO - ACT Step 3: HFM Managerial re-read
2026-06-05 17:33:46,928 - WARNING - find_values_pandas_HFM: 'DataFrame' object has no attribute 'applymap'
2026-06-05 17:33:56,079 - INFO - HMF Managerial re-read OK
2026-06-05 17:33:56,080 - INFO - ACT Step 4: building HFM formula block
2026-06-05 17:33:58,905 - INFO - ACT Step 5: goodwill row extraction
2026-06-05 17:33:58,920 - INFO - Goodwill f1=='[C:/Users/NE72649/Desktop/Test Folder_KD/Goodwill CALCULATION FILE.xlsx]GW Budget'!C5
2026-06-05 17:33:58,921 - INFO - ACT Step 6: relief row extraction
2026-06-05 17:33:59,539 - INFO - ACT Step 7: CFMI row extraction
2026-06-05 17:33:59,541 - INFO - ACT Step 8: building formulas
2026-06-05 17:34:10,940 - INFO - ACT Step 9: writing KPI output file
2026-06-05 17:34:14,860 - INFO - ACT KPI output written \u2192 C:/Users/NE72649/Desktop/Output_folders\NEW_KPI_P&L_April_output_FY2026-27.xlsx
2026-06-05 17:34:14,861 - INFO - ACT Step 10: writing Goodwill output file
2026-06-05 17:34:15,222 - INFO - ACT Goodwill output written
2026-06-05 17:34:15,223 - INFO - ACT completed
2026-06-05 18:08:55,952 - INFO - ACT triggered
2026-06-05 18:08:55,952 - INFO - Submit_2 triggered
2026-06-05 18:08:55,953 - INFO - UI triggered
2026-06-07 10:20:26,662 - INFO - ACT triggered
2026-06-07 10:20:26,664 - INFO - Submit_2 triggered
2026-06-07 10:20:26,664 - INFO - UI triggered
2026-06-07 10:24:34,970 - INFO - calculate_alternate_value_1 started
2026-06-07 10:24:34,971 - WARNING - [SKIP] DataFrame 'df_itp' is empty – cells \u2192 =0
2026-06-07 10:24:34,972 - INFO - Step 1: resolving column indices
2026-06-07 10:24:34,973 - INFO - Step 2: resolving row indices
2026-06-07 10:24:35,053 - WARNING - find_fmi_row_uc(df_P_L_ROP_NE): Required label 'uc nissan' not found in first 3 columns.
2026-06-07 10:24:35,055 - WARNING - find_fmi_row_as(df_P_L_ROP_NE): Required label 'as nissan' not found in first 3 columns.
2026-06-07 10:24:35,057 - WARNING - find_fmi_row_export(df_P_L_ROP_NE): Required label 'nissan export' not found in first 3 columns.
2026-06-07 10:24:35,530 - INFO - Step 3: building formula strings
2026-06-07 10:28:28,854 - INFO - Step 4: building cell update tables
2026-06-07 10:28:28,856 - INFO - Step 5: writing output file
2026-06-07 10:29:48,256 - INFO - P&L output written \u2192 C:/Users/NE72649/Desktop/Output_folders\FY25 P&L Summary April_output_FY2026-27.xlsx  (313.3s)
2026-06-07 10:29:48,260 - INFO - Z-Audit report written \u2192 C:/Users/NE72649/Desktop/Output_folders\zero_population_audit_20260607_102434.txt  (6 zero events)
2026-06-07 10:29:48,260 - INFO - Z-Audit report \u2192 C:/Users/NE72649/Desktop/Output_folders\zero_population_audit_20260607_102434.txt
2026-06-07 10:29:48,261 - INFO - Step 6: calling ACT
2026-06-07 10:29:48,261 - INFO - ACT started
2026-06-07 10:29:48,262 - INFO - ACT Step 1: resolving column indices
2026-06-07 10:29:49,631 - INFO - ACT Step 2: OSP lookups
2026-06-07 10:29:49,637 - INFO - ACT Step 3: HFM Managerial re-read
2026-06-07 10:29:49,638 - WARNING - find_values_pandas_HFM: 'DataFrame' object has no attribute 'applymap'
2026-06-07 10:29:58,489 - INFO - HMF Managerial re-read OK
2026-06-07 10:29:58,491 - INFO - ACT Step 4: building HFM formula block
2026-06-07 10:30:01,200 - INFO - ACT Step 5: goodwill row extraction
2026-06-07 10:30:01,215 - INFO - Goodwill f1=='[C:/Users/NE72649/Desktop/Test Folder_KD/Goodwill CALCULATION FILE.xlsx]GW Budget'!C5
2026-06-07 10:30:01,216 - INFO - ACT Step 6: relief row extraction
2026-06-07 10:30:01,750 - INFO - ACT Step 7: CFMI row extraction
2026-06-07 10:30:01,752 - INFO - ACT Step 8: building formulas
2026-06-07 10:30:11,991 - INFO - ACT Step 9: writing KPI output file
2026-06-07 10:30:15,785 - INFO - ACT KPI output written \u2192 C:/Users/NE72649/Desktop/Output_folders\NEW_KPI_P&L_April_output_FY2026-27.xlsx
2026-06-07 10:30:15,792 - INFO - ACT Step 10: writing Goodwill output file
2026-06-07 10:30:16,153 - INFO - ACT Goodwill output written
2026-06-07 10:30:16,154 - INFO - ACT completed
2026-06-07 11:22:23,642 - INFO - calculate_alternate_value_1 started
2026-06-07 11:22:23,643 - WARNING - [SKIP] DataFrame 'df_itp' is empty – cells \u2192 =0
2026-06-07 11:22:23,644 - INFO - Step 1: resolving column indices
2026-06-07 11:22:23,645 - INFO - Step 2: resolving row indices
2026-06-07 11:22:23,722 - WARNING - find_fmi_row_uc(df_P_L_ROP_NE): Required label 'uc nissan' not found in first 3 columns.
2026-06-07 11:22:23,724 - WARNING - find_fmi_row_as(df_P_L_ROP_NE): Required label 'as nissan' not found in first 3 columns.
2026-06-07 11:22:23,726 - WARNING - find_fmi_row_export(df_P_L_ROP_NE): Required label 'nissan export' not found in first 3 columns.
2026-06-07 11:22:24,184 - INFO - Step 3: building formula strings
2026-06-07 11:26:11,298 - INFO - Step 4: building cell update tables
2026-06-07 11:26:11,300 - INFO - Step 5: writing output file
2026-06-07 11:27:37,188 - INFO - P&L output written \u2192 C:/Users/NE72649/Desktop/Output_folders\FY25 P&L Summary May_output_FY2026-27.xlsx  (313.5s)
2026-06-07 11:27:37,190 - INFO - Z-Audit report written \u2192 C:/Users/NE72649/Desktop/Output_folders\zero_population_audit_20260607_112223.txt  (5 zero events)
2026-06-07 11:27:37,190 - INFO - Z-Audit report \u2192 C:/Users/NE72649/Desktop/Output_folders\zero_population_audit_20260607_112223.txt
2026-06-07 11:27:37,190 - INFO - Step 6: calling ACT
2026-06-07 11:27:37,190 - INFO - ACT started
2026-06-07 11:27:37,191 - INFO - ACT Step 1: resolving column indices
2026-06-07 11:27:38,781 - INFO - ACT Step 2: OSP lookups
2026-06-07 11:27:38,786 - INFO - ACT Step 3: HFM Managerial re-read
2026-06-07 11:27:38,787 - WARNING - find_values_pandas_HFM: 'DataFrame' object has no attribute 'applymap'
2026-06-07 11:27:47,889 - INFO - HMF Managerial re-read OK
2026-06-07 11:27:47,890 - INFO - ACT Step 4: building HFM formula block
2026-06-07 11:27:50,653 - INFO - ACT Step 5: goodwill row extraction
2026-06-07 11:27:50,672 - INFO - Goodwill f1=='[C:/Users/NE72649/Desktop/Test Folder_KD/Goodwill CALCULATION FILE.xlsx]GW Budget'!D5
2026-06-07 11:27:50,673 - INFO - ACT Step 6: relief row extraction
2026-06-07 11:27:51,216 - INFO - ACT Step 7: CFMI row extraction
2026-06-07 11:27:51,218 - INFO - ACT Step 8: building formulas
2026-06-07 11:28:02,149 - INFO - ACT Step 9: writing KPI output file
2026-06-07 11:28:06,030 - INFO - ACT KPI output written \u2192 C:/Users/NE72649/Desktop/Output_folders\NEW_KPI_P&L_May_output_FY2026-27.xlsx
2026-06-07 11:28:06,031 - INFO - ACT Step 10: writing Goodwill output file
2026-06-07 11:28:06,344 - INFO - ACT Goodwill output written
2026-06-07 11:28:06,345 - INFO - ACT completed
2026-06-07 11:36:11,468 - INFO - ACT triggered
2026-06-07 11:36:11,468 - INFO - Submit_2 triggered
2026-06-07 11:36:11,469 - INFO - UI triggered
2026-06-07 11:39:14,271 - INFO - calculate_alternate_value_1 started
2026-06-07 11:39:14,272 - WARNING - [SKIP] DataFrame 'df_itp' is empty – cells \u2192 =0
2026-06-07 11:39:14,274 - INFO - Step 1: resolving column indices
2026-06-07 11:39:14,274 - INFO - Step 2: resolving row indices
2026-06-07 11:39:14,368 - WARNING - find_fmi_row_uc(df_P_L_ROP_NE): Required label 'uc nissan' not found in first 3 columns.
2026-06-07 11:39:14,370 - WARNING - find_fmi_row_as(df_P_L_ROP_NE): Required label 'as nissan' not found in first 3 columns.
2026-06-07 11:39:14,371 - WARNING - find_fmi_row_export(df_P_L_ROP_NE): Required label 'nissan export' not found in first 3 columns.
2026-06-07 11:39:15,087 - INFO - Step 3: building formula strings
2026-06-07 11:44:18,818 - INFO - Step 4: building cell update tables
2026-06-07 11:44:18,820 - INFO - Step 5: writing output file
2026-06-07 11:45:50,438 - INFO - P&L output written \u2192 C:/Users/NE72649/Desktop/Output_folders\FY25 P&L Summary April_output_FY2026-27.xlsx  (396.2s)
2026-06-07 11:45:50,442 - INFO - Z-Audit report written \u2192 C:/Users/NE72649/Desktop/Output_folders\zero_population_audit_20260607_113914.txt  (6 zero events)
2026-06-07 11:45:50,442 - INFO - Z-Audit report \u2192 C:/Users/NE72649/Desktop/Output_folders\zero_population_audit_20260607_113914.txt
2026-06-07 11:45:50,443 - INFO - Step 6: calling ACT
2026-06-07 11:45:50,443 - INFO - ACT started
2026-06-07 11:45:50,445 - INFO - ACT Step 1: resolving column indices
2026-06-07 11:45:52,222 - INFO - ACT Step 2: OSP lookups
2026-06-07 11:45:52,228 - INFO - ACT Step 3: HFM Managerial re-read
2026-06-07 11:45:52,229 - WARNING - find_values_pandas_HFM: 'DataFrame' object has no attribute 'applymap'
2026-06-07 11:46:01,926 - INFO - HMF Managerial re-read OK
2026-06-07 11:46:01,927 - INFO - ACT Step 4: building HFM formula block
2026-06-07 11:46:04,742 - INFO - ACT Step 5: goodwill row extraction
2026-06-07 11:46:04,757 - INFO - Goodwill f1=='[C:/Users/NE72649/Desktop/Test Folder_KD/Goodwill CALCULATION FILE.xlsx]GW Budget'!C5
2026-06-07 11:46:04,758 - INFO - ACT Step 6: relief row extraction
2026-06-07 11:46:05,315 - INFO - ACT Step 7: CFMI row extraction
2026-06-07 11:46:05,317 - INFO - ACT Step 8: building formulas
2026-06-07 11:46:15,910 - INFO - ACT Step 9: writing KPI output file
2026-06-07 11:46:19,620 - INFO - ACT KPI output written \u2192 C:/Users/NE72649/Desktop/Output_folders\NEW_KPI_P&L_April_output_FY2026-27.xlsx
2026-06-07 11:46:19,621 - INFO - ACT Step 10: writing Goodwill output file
2026-06-07 11:46:19,993 - INFO - ACT Goodwill output written
2026-06-07 11:46:19,993 - INFO - ACT completed
2026-06-07 11:47:17,103 - INFO - ACT triggered
2026-06-07 11:47:17,103 - INFO - Submit_2 triggered
2026-06-07 11:47:17,104 - INFO - UI triggered
2026-06-07 11:49:30,796 - INFO - calculate_alternate_value_1 started
2026-06-07 11:49:30,797 - WARNING - [SKIP] DataFrame 'df_itp' is empty – cells \u2192 =0
2026-06-07 11:49:30,799 - INFO - Step 1: resolving column indices
2026-06-07 11:49:30,799 - INFO - Step 2: resolving row indices
2026-06-07 11:49:30,883 - WARNING - find_fmi_row_uc(df_P_L_ROP_NE): Required label 'uc nissan' not found in first 3 columns.
2026-06-07 11:49:30,885 - WARNING - find_fmi_row_as(df_P_L_ROP_NE): Required label 'as nissan' not found in first 3 columns.
2026-06-07 11:49:30,887 - WARNING - find_fmi_row_export(df_P_L_ROP_NE): Required label 'nissan export' not found in first 3 columns.
2026-06-07 11:49:31,405 - INFO - Step 3: building formula strings
2026-06-07 11:53:43,296 - INFO - Step 4: building cell update tables
2026-06-07 11:53:43,299 - INFO - Step 5: writing output file
2026-06-07 11:55:17,152 - INFO - P&L output written \u2192 C:/Users/NE72649/Desktop/Output_folders\FY25 P&L Summary May_output_FY2026-27.xlsx  (346.4s)
2026-06-07 11:55:17,155 - INFO - Z-Audit report written \u2192 C:/Users/NE72649/Desktop/Output_folders\zero_population_audit_20260607_114930.txt  (5 zero events)
2026-06-07 11:55:17,156 - INFO - Z-Audit report \u2192 C:/Users/NE72649/Desktop/Output_folders\zero_population_audit_20260607_114930.txt
2026-06-07 11:55:17,156 - INFO - Step 6: calling ACT
2026-06-07 11:55:17,157 - INFO - ACT started
2026-06-07 11:55:17,159 - INFO - ACT Step 1: resolving column indices
2026-06-07 11:55:18,732 - INFO - ACT Step 2: OSP lookups
2026-06-07 11:55:18,738 - INFO - ACT Step 3: HFM Managerial re-read
2026-06-07 11:55:18,739 - WARNING - find_values_pandas_HFM: 'DataFrame' object has no attribute 'applymap'
2026-06-07 11:55:27,828 - INFO - HMF Managerial re-read OK
2026-06-07 11:55:27,828 - INFO - ACT Step 4: building HFM formula block
2026-06-07 11:55:30,507 - INFO - ACT Step 5: goodwill row extraction
2026-06-07 11:55:30,523 - INFO - Goodwill f1=='[C:/Users/NE72649/Desktop/Test Folder_KD/Goodwill CALCULATION FILE.xlsx]GW Budget'!D5
2026-06-07 11:55:30,524 - INFO - ACT Step 6: relief row extraction
2026-06-07 11:55:31,060 - INFO - ACT Step 7: CFMI row extraction
2026-06-07 11:55:31,063 - INFO - ACT Step 8: building formulas
2026-06-07 11:55:41,509 - INFO - ACT Step 9: writing KPI output file
2026-06-07 11:55:46,167 - INFO - ACT KPI output written \u2192 C:/Users/NE72649/Desktop/Output_folders\NEW_KPI_P&L_May_output_FY2026-27.xlsx
2026-06-07 11:55:46,168 - INFO - ACT Step 10: writing Goodwill output file
2026-06-07 11:55:46,547 - INFO - ACT Goodwill output written
2026-06-07 11:55:46,547 - INFO - ACT completed
2026-06-07 22:30:28,265 - INFO - ACT triggered
2026-06-07 22:30:28,266 - INFO - Submit_2 triggered
2026-06-07 22:30:28,266 - INFO - UI triggered
2026-06-07 22:32:41,141 - INFO - calculate_alternate_value_1 started
2026-06-07 22:32:41,141 - WARNING - [SKIP] DataFrame 'df_itp' is empty – cells \u2192 =0
2026-06-07 22:32:41,143 - INFO - Step 1: resolving column indices
2026-06-07 22:32:41,144 - INFO - Step 2: resolving row indices
2026-06-07 22:32:41,217 - WARNING - find_fmi_row_uc(df_P_L_ROP_NE): Required label 'uc nissan' not found in first 3 columns.
2026-06-07 22:32:41,218 - WARNING - find_fmi_row_as(df_P_L_ROP_NE): Required label 'as nissan' not found in first 3 columns.
2026-06-07 22:32:41,220 - WARNING - find_fmi_row_export(df_P_L_ROP_NE): Required label 'nissan export' not found in first 3 columns.
2026-06-07 22:32:41,677 - INFO - Step 3: building formula strings
2026-06-07 22:36:25,800 - INFO - Step 4: building cell update tables
2026-06-07 22:45:38,929 - INFO - ACT triggered
2026-06-07 22:45:38,929 - INFO - Submit_2 triggered
2026-06-07 22:45:38,929 - INFO - UI triggered
2026-06-07 22:55:00,313 - INFO - calculate_alternate_value_1 started
2026-06-07 22:55:00,314 - WARNING - [SKIP] DataFrame 'df_itp' is empty – cells \u2192 =0
2026-06-07 22:55:00,316 - INFO - Step 1: resolving column indices
2026-06-07 22:55:00,316 - INFO - Step 2: resolving row indices
2026-06-07 22:55:00,394 - WARNING - find_fmi_row_uc(df_P_L_ROP_NE): Required label 'uc nissan' not found in first 3 columns.
2026-06-07 22:55:00,396 - WARNING - find_fmi_row_as(df_P_L_ROP_NE): Required label 'as nissan' not found in first 3 columns.
2026-06-07 22:55:00,397 - WARNING - find_fmi_row_export(df_P_L_ROP_NE): Required label 'nissan export' not found in first 3 columns.
2026-06-07 22:55:00,850 - INFO - Step 3: building formula strings
2026-06-07 22:58:43,775 - INFO - Step 4: building cell update tables
2026-06-07 22:58:43,778 - INFO - Step 5: writing output file
2026-06-07 23:00:08,717 - INFO - P&L output written \u2192 C:/Users/NE72649/Desktop/Output_folders\FY25 P&L Summary April_output_FY2026-27.xlsx  (308.4s)
2026-06-07 23:00:08,719 - INFO - Z-Audit report written \u2192 C:/Users/NE72649/Desktop/Output_folders\zero_population_audit_20260607_225500.txt  (6 zero events)
2026-06-07 23:00:08,719 - INFO - Z-Audit report \u2192 C:/Users/NE72649/Desktop/Output_folders\zero_population_audit_20260607_225500.txt
2026-06-07 23:00:08,719 - INFO - Step 6: calling ACT
2026-06-07 23:00:08,720 - INFO - ACT started
2026-06-07 23:00:08,720 - INFO - ACT Step 1: resolving column indices
2026-06-07 23:00:09,855 - INFO - ACT Step 2: OSP lookups
2026-06-07 23:00:09,859 - INFO - ACT Step 3: HFM Managerial re-read
2026-06-07 23:00:09,860 - WARNING - find_values_pandas_HFM: 'DataFrame' object has no attribute 'applymap'
2026-06-07 23:00:18,288 - INFO - HMF Managerial re-read OK
2026-06-07 23:00:18,289 - INFO - ACT Step 4: building HFM formula block
2026-06-07 23:00:20,781 - INFO - ACT Step 5: goodwill row extraction
2026-06-07 23:00:20,794 - INFO - Goodwill f1=='[C:/Users/NE72649/Desktop/Test Folder_KD/Goodwill CALCULATION FILE.xlsx]GW Budget'!C5
2026-06-07 23:00:20,795 - INFO - ACT Step 6: relief row extraction
2026-06-07 23:00:21,297 - INFO - ACT Step 7: CFMI row extraction
2026-06-07 23:00:21,299 - INFO - ACT Step 8: building formulas
2026-06-07 23:00:30,618 - INFO - ACT Step 9: writing KPI output file
2026-06-07 23:00:34,057 - INFO - ACT KPI output written \u2192 C:/Users/NE72649/Desktop/Output_folders\NEW_KPI_P&L_April_output_FY2026-27.xlsx
2026-06-07 23:00:34,058 - INFO - ACT Step 10: writing Goodwill output file
2026-06-07 23:00:34,374 - INFO - ACT Goodwill output written
2026-06-07 23:00:34,374 - INFO - ACT completed
2026-06-07 23:23:04,006 - INFO - ACT triggered
2026-06-07 23:23:04,006 - INFO - Submit_2 triggered
2026-06-07 23:23:04,006 - INFO - UI triggered
2026-06-07 23:24:58,983 - INFO - calculate_alternate_value_1 started
2026-06-07 23:24:58,984 - WARNING - [SKIP] DataFrame 'df_itp' is empty – cells \u2192 =0
2026-06-07 23:24:58,985 - INFO - Step 1: resolving column indices
2026-06-07 23:24:58,986 - INFO - Step 2: resolving row indices
2026-06-07 23:24:59,061 - WARNING - find_fmi_row_uc(df_P_L_ROP_NE): Required label 'uc nissan' not found in first 3 columns.
2026-06-07 23:24:59,063 - WARNING - find_fmi_row_as(df_P_L_ROP_NE): Required label 'as nissan' not found in first 3 columns.
2026-06-07 23:24:59,064 - WARNING - find_fmi_row_export(df_P_L_ROP_NE): Required label 'nissan export' not found in first 3 columns.
2026-06-07 23:24:59,507 - INFO - Step 3: building formula strings
2026-06-07 23:28:53,617 - INFO - Step 4: building cell update tables
2026-06-07 23:28:53,620 - INFO - Step 5: writing output file
2026-06-07 23:30:13,613 - INFO - P&L output written \u2192 C:/Users/NE72649/Desktop/Output_folders\FY25 P&L Summary May_output_FY2026-27.xlsx  (314.6s)
2026-06-07 23:30:13,616 - INFO - Z-Audit report written \u2192 C:/Users/NE72649/Desktop/Output_folders\zero_population_audit_20260607_232458.txt  (5 zero events)
2026-06-07 23:30:13,617 - INFO - Z-Audit report \u2192 C:/Users/NE72649/Desktop/Output_folders\zero_population_audit_20260607_232458.txt
2026-06-07 23:30:13,617 - INFO - Step 6: calling ACT
2026-06-07 23:30:13,618 - INFO - ACT started
2026-06-07 23:30:13,619 - INFO - ACT Step 1: resolving column indices
2026-06-07 23:30:14,748 - INFO - ACT Step 2: OSP lookups
2026-06-07 23:30:14,753 - INFO - ACT Step 3: HFM Managerial re-read
2026-06-07 23:30:14,754 - WARNING - find_values_pandas_HFM: 'DataFrame' object has no attribute 'applymap'
2026-06-07 23:30:23,118 - INFO - HMF Managerial re-read OK
2026-06-07 23:30:23,119 - INFO - ACT Step 4: building HFM formula block
2026-06-07 23:30:25,569 - INFO - ACT Step 5: goodwill row extraction
2026-06-07 23:30:25,583 - INFO - Goodwill f1=='[C:/Users/NE72649/Desktop/Test Folder_KD/Goodwill CALCULATION FILE.xlsx]GW Budget'!D5
2026-06-07 23:30:25,583 - INFO - ACT Step 6: relief row extraction
2026-06-07 23:30:26,076 - INFO - ACT Step 7: CFMI row extraction
2026-06-07 23:30:26,078 - INFO - ACT Step 8: building formulas
2026-06-07 23:30:35,333 - INFO - ACT Step 9: writing KPI output file
2026-06-07 23:30:38,864 - INFO - ACT KPI output written \u2192 C:/Users/NE72649/Desktop/Output_folders\NEW_KPI_P&L_May_output_FY2026-27.xlsx
2026-06-07 23:30:38,865 - INFO - ACT Step 10: writing Goodwill output file
2026-06-07 23:30:39,150 - INFO - ACT Goodwill output written
2026-06-07 23:30:39,150 - INFO - ACT completed
2026-06-07 23:48:42,954 - INFO - ACT triggered
2026-06-07 23:48:42,955 - INFO - Submit_2 triggered
2026-06-07 23:48:42,955 - INFO - UI triggered
2026-06-07 23:50:52,310 - INFO - calculate_alternate_value_1 started
2026-06-07 23:50:52,311 - WARNING - [SKIP] DataFrame 'df_itp' is empty – cells \u2192 =0
2026-06-07 23:50:52,313 - INFO - Step 1: resolving column indices
2026-06-07 23:50:52,313 - INFO - Step 2: resolving row indices
2026-06-07 23:50:52,383 - WARNING - find_fmi_row_uc(df_P_L_ROP_NE): Required label 'uc nissan' not found in first 3 columns.
2026-06-07 23:50:52,384 - WARNING - find_fmi_row_as(df_P_L_ROP_NE): Required label 'as nissan' not found in first 3 columns.
2026-06-07 23:50:52,386 - WARNING - find_fmi_row_export(df_P_L_ROP_NE): Required label 'nissan export' not found in first 3 columns.
2026-06-07 23:50:52,813 - INFO - Step 3: building formula strings
2026-06-07 23:54:36,848 - INFO - Step 4: building cell update tables
2026-06-07 23:54:36,851 - INFO - Step 5: writing output file
2026-06-07 23:56:02,671 - INFO - P&L output written \u2192 C:/Users/NE72649/Desktop/Output_folders\FY25 P&L Summary April_output_FY2026-27.xlsx  (310.4s)
2026-06-07 23:56:02,673 - INFO - Z-Audit report written \u2192 C:/Users/NE72649/Desktop/Output_folders\zero_population_audit_20260607_235052.txt  (6 zero events)
2026-06-07 23:56:02,673 - INFO - Z-Audit report \u2192 C:/Users/NE72649/Desktop/Output_folders\zero_population_audit_20260607_235052.txt
2026-06-07 23:56:02,673 - INFO - Step 6: calling ACT
2026-06-07 23:56:02,673 - INFO - ACT started
2026-06-07 23:56:02,674 - INFO - ACT Step 1: resolving column indices
2026-06-07 23:56:03,995 - INFO - ACT Step 2: OSP lookups
2026-06-07 23:56:03,999 - INFO - ACT Step 3: HFM Managerial re-read
2026-06-07 23:56:04,000 - WARNING - find_values_pandas_HFM: 'DataFrame' object has no attribute 'applymap'
2026-06-07 23:56:12,388 - INFO - HMF Managerial re-read OK
2026-06-07 23:56:12,389 - INFO - ACT Step 4: building HFM formula block
2026-06-07 23:56:14,953 - INFO - ACT Step 5: goodwill row extraction
2026-06-07 23:56:14,968 - INFO - Goodwill f1=='[C:/Users/NE72649/Desktop/Test Folder_KD/Goodwill CALCULATION FILE.xlsx]GW Budget'!C5
2026-06-07 23:56:14,969 - INFO - ACT Step 6: relief row extraction
2026-06-07 23:56:15,477 - INFO - ACT Step 7: CFMI row extraction
2026-06-07 23:56:15,480 - INFO - ACT Step 8: building formulas
2026-06-07 23:56:24,983 - INFO - ACT Step 9: writing KPI output file
2026-06-07 23:56:28,517 - INFO - ACT KPI output written \u2192 C:/Users/NE72649/Desktop/Output_folders\NEW_KPI_P&L_April_output_FY2026-27.xlsx
2026-06-07 23:56:28,518 - INFO - ACT Step 10: writing Goodwill output file
2026-06-07 23:56:28,820 - INFO - ACT Goodwill output written
2026-06-07 23:56:28,821 - INFO - ACT completed
2026-06-08 00:10:06,537 - INFO - ACT triggered
2026-06-08 00:10:06,537 - INFO - Submit_2 triggered
2026-06-08 00:10:06,537 - INFO - UI triggered
2026-06-08 00:16:00,471 - INFO - ACT triggered
2026-06-08 00:16:00,471 - INFO - Submit_2 triggered
2026-06-08 00:16:00,471 - INFO - UI triggered
2026-06-08 00:21:38,701 - INFO - calculate_alternate_value_1 started
2026-06-08 00:21:38,702 - WARNING - [SKIP] DataFrame 'df_itp' is empty – cells \u2192 =0
2026-06-08 00:21:38,703 - INFO - Step 1: resolving column indices
2026-06-08 00:21:38,704 - INFO - Step 2: resolving row indices
2026-06-08 00:21:38,777 - WARNING - find_fmi_row_uc(df_P_L_ROP_NE): Required label 'uc nissan' not found in first 3 columns.
2026-06-08 00:21:38,779 - WARNING - find_fmi_row_as(df_P_L_ROP_NE): Required label 'as nissan' not found in first 3 columns.
2026-06-08 00:21:38,780 - WARNING - find_fmi_row_export(df_P_L_ROP_NE): Required label 'nissan export' not found in first 3 columns.
2026-06-08 00:21:39,225 - INFO - Step 3: building formula strings
2026-06-08 00:25:20,628 - INFO - Step 4: building cell update tables
2026-06-08 00:25:20,630 - INFO - Step 5: writing output file
2026-06-08 00:26:46,039 - INFO - P&L output written \u2192 C:/Users/NE72649/Desktop/Output_folders\FY25 P&L Summary April_output_FY2026-27.xlsx  (307.3s)
2026-06-08 00:26:46,041 - INFO - Z-Audit report written \u2192 C:/Users/NE72649/Desktop/Output_folders\zero_population_audit_20260608_002138.txt  (6 zero events)
2026-06-08 00:26:46,041 - INFO - Z-Audit report \u2192 C:/Users/NE72649/Desktop/Output_folders\zero_population_audit_20260608_002138.txt
2026-06-08 00:26:46,041 - INFO - Step 6: calling ACT
2026-06-08 00:26:46,041 - INFO - ACT started
2026-06-08 00:26:46,042 - INFO - ACT Step 1: resolving column indices
2026-06-08 00:26:47,182 - INFO - ACT Step 2: OSP lookups
2026-06-08 00:26:47,186 - INFO - ACT Step 3: HFM Managerial re-read
2026-06-08 00:26:47,186 - WARNING - find_values_pandas_HFM: 'DataFrame' object has no attribute 'applymap'
2026-06-08 00:26:55,349 - INFO - HMF Managerial re-read OK
2026-06-08 00:26:55,350 - INFO - ACT Step 4: building HFM formula block
2026-06-08 00:26:57,833 - INFO - ACT Step 5: goodwill row extraction
2026-06-08 00:26:57,848 - INFO - Goodwill f1=='[C:/Users/NE72649/Desktop/Test Folder_KD/Goodwill CALCULATION FILE.xlsx]GW Budget'!C5
2026-06-08 00:26:57,848 - INFO - ACT Step 6: relief row extraction
2026-06-08 00:26:58,351 - INFO - ACT Step 7: CFMI row extraction
2026-06-08 00:26:58,353 - INFO - ACT Step 8: building formulas
2026-06-08 00:27:07,672 - INFO - ACT Step 9: writing KPI output file
2026-06-08 00:27:11,068 - INFO - ACT KPI output written \u2192 C:/Users/NE72649/Desktop/Output_folders\NEW_KPI_P&L_April_output_FY2026-27.xlsx
2026-06-08 00:27:11,068 - INFO - ACT Step 10: writing Goodwill output file
2026-06-08 00:27:11,375 - INFO - ACT Goodwill output written
2026-06-08 00:27:11,375 - INFO - ACT completed
2026-06-08 09:03:03,584 - INFO - ACT triggered
2026-06-08 09:03:03,586 - INFO - Submit_2 triggered
2026-06-08 09:03:03,586 - INFO - UI triggered
2026-06-08 09:05:55,336 - INFO - calculate_alternate_value_1 started
2026-06-08 09:05:55,336 - WARNING - [SKIP] DataFrame 'df_itp' is empty – cells \u2192 =0
2026-06-08 09:05:55,338 - INFO - Step 1: resolving column indices
2026-06-08 09:05:55,338 - INFO - Step 2: resolving row indices
2026-06-08 09:05:55,410 - WARNING - find_fmi_row_uc(df_P_L_ROP_NE): Required label 'uc nissan' not found in first 3 columns.
2026-06-08 09:05:55,412 - WARNING - find_fmi_row_as(df_P_L_ROP_NE): Required label 'as nissan' not found in first 3 columns.
2026-06-08 09:05:55,413 - WARNING - find_fmi_row_export(df_P_L_ROP_NE): Required label 'nissan export' not found in first 3 columns.
2026-06-08 09:05:55,848 - INFO - Step 3: building formula strings
2026-06-08 09:08:29,033 - INFO - ACT triggered
2026-06-08 09:08:29,033 - INFO - Submit_2 triggered
2026-06-08 09:08:29,033 - INFO - UI triggered
2026-06-08 09:10:22,587 - INFO - calculate_alternate_value_1 started
2026-06-08 09:10:22,588 - WARNING - [SKIP] DataFrame 'df_itp' is empty – cells \u2192 =0
2026-06-08 09:10:22,590 - INFO - Step 1: resolving column indices
2026-06-08 09:10:22,590 - INFO - Step 2: resolving row indices
2026-06-08 09:10:22,664 - WARNING - find_fmi_row_uc(df_P_L_ROP_NE): Required label 'uc nissan' not found in first 3 columns.
2026-06-08 09:10:22,666 - WARNING - find_fmi_row_as(df_P_L_ROP_NE): Required label 'as nissan' not found in first 3 columns.
2026-06-08 09:10:22,668 - WARNING - find_fmi_row_export(df_P_L_ROP_NE): Required label 'nissan export' not found in first 3 columns.
2026-06-08 09:10:23,109 - INFO - Step 3: building formula strings
2026-06-08 09:13:05,866 - INFO - ACT triggered
2026-06-08 09:13:05,867 - INFO - Submit_2 triggered
2026-06-08 09:13:05,867 - INFO - UI triggered
2026-06-08 09:15:14,958 - INFO - calculate_alternate_value_1 started
2026-06-08 09:15:14,958 - WARNING - [SKIP] DataFrame 'df_itp' is empty – cells \u2192 =0
2026-06-08 09:15:14,959 - INFO - Step 1: resolving column indices
2026-06-08 09:15:14,960 - INFO - Step 2: resolving row indices
2026-06-08 09:15:15,031 - WARNING - find_fmi_row_uc(df_P_L_ROP_NE): Required label 'uc nissan' not found in first 3 columns.
2026-06-08 09:15:15,033 - WARNING - find_fmi_row_as(df_P_L_ROP_NE): Required label 'as nissan' not found in first 3 columns.
2026-06-08 09:15:15,035 - WARNING - find_fmi_row_export(df_P_L_ROP_NE): Required label 'nissan export' not found in first 3 columns.
2026-06-08 09:15:15,470 - INFO - Step 3: building formula strings
2026-06-08 09:17:46,849 - INFO - ACT triggered
2026-06-08 09:17:46,849 - INFO - Submit_2 triggered
2026-06-08 09:17:46,849 - INFO - UI triggered
2026-06-08 09:19:39,422 - ERROR - Error in Loading DataFrames: KeyError: 'ITP impact_Export_April26 v2'
2026-06-08 09:21:46,275 - INFO - ACT triggered
2026-06-08 09:21:46,275 - INFO - Submit_2 triggered
2026-06-08 09:21:46,276 - INFO - UI triggered
2026-06-08 09:23:30,314 - ERROR - Error in Loading DataFrames: KeyError: 'ITP impact_Export_April26 v2'
2026-06-08 09:26:32,868 - INFO - ACT triggered
2026-06-08 09:26:32,869 - INFO - Submit_2 triggered
2026-06-08 09:26:32,869 - INFO - UI triggered
2026-06-08 09:28:16,454 - ERROR - Error in Loading DataFrames: KeyError: 'ITP impact_Export_April26 v2'
2026-06-08 09:29:25,401 - INFO - ACT triggered
2026-06-08 09:29:25,401 - INFO - Submit_2 triggered
2026-06-08 09:29:25,401 - INFO - UI triggered
2026-06-08 09:31:10,017 - INFO - calculate_alternate_value_1 started
2026-06-08 09:31:10,018 - WARNING - [SKIP] DataFrame 'df_itp' is empty – cells \u2192 =0
2026-06-08 09:31:10,020 - INFO - Step 1: resolving column indices
2026-06-08 09:31:10,020 - INFO - Step 2: resolving row indices
2026-06-08 09:31:10,097 - WARNING - find_fmi_row_uc(df_P_L_ROP_NE): Required label 'uc nissan' not found in first 3 columns.
2026-06-08 09:31:10,098 - WARNING - find_fmi_row_as(df_P_L_ROP_NE): Required label 'as nissan' not found in first 3 columns.
2026-06-08 09:31:10,100 - WARNING - find_fmi_row_export(df_P_L_ROP_NE): Required label 'nissan export' not found in first 3 columns.
2026-06-08 09:31:10,541 - INFO - Step 3: building formula strings
2026-06-08 09:34:47,440 - INFO - Step 4: building cell update tables
2026-06-08 09:34:47,442 - INFO - Step 5: writing output file
2026-06-08 09:36:12,176 - INFO - P&L output written \u2192 C:/Users/NE72649/Desktop/Output_folders\FY25 P&L Summary April_output_FY2026-27.xlsx  (302.2s)
2026-06-08 09:36:12,177 - INFO - Z-Audit report written \u2192 C:/Users/NE72649/Desktop/Output_folders\zero_population_audit_20260608_093110.txt  (6 zero events)
2026-06-08 09:36:12,177 - INFO - Z-Audit report \u2192 C:/Users/NE72649/Desktop/Output_folders\zero_population_audit_20260608_093110.txt
2026-06-08 09:36:12,177 - INFO - Step 6: calling ACT
2026-06-08 09:36:12,177 - INFO - ACT started
2026-06-08 09:36:12,178 - INFO - ACT Step 1: resolving column indices
2026-06-08 09:36:13,525 - INFO - ACT Step 2: OSP lookups
2026-06-08 09:36:13,529 - INFO - ACT Step 3: HFM Managerial re-read
2026-06-08 09:36:13,529 - WARNING - find_values_pandas_HFM: 'DataFrame' object has no attribute 'applymap'
2026-06-08 09:36:21,689 - INFO - HMF Managerial re-read OK
2026-06-08 09:36:21,689 - INFO - ACT Step 4: building HFM formula block
2026-06-08 09:36:23,987 - INFO - ACT Step 5: goodwill row extraction
2026-06-08 09:36:24,001 - INFO - Goodwill f1=='[C:/Users/NE72649/Desktop/Test Folder_KD/Goodwill CALCULATION FILE.xlsx]GW Budget'!C5
2026-06-08 09:36:24,001 - INFO - ACT Step 6: relief row extraction
2026-06-08 09:36:24,680 - INFO - ACT Step 7: CFMI row extraction
2026-06-08 09:36:24,682 - INFO - ACT Step 8: building formulas
2026-06-08 09:36:33,709 - INFO - ACT Step 9: writing KPI output file
2026-06-08 09:36:37,115 - INFO - ACT KPI output written \u2192 C:/Users/NE72649/Desktop/Output_folders\NEW_KPI_P&L_April_output_FY2026-27.xlsx
2026-06-08 09:36:37,116 - INFO - ACT Step 10: writing Goodwill output file
2026-06-08 09:36:37,419 - INFO - ACT Goodwill output written
2026-06-08 09:36:37,420 - INFO - ACT completed
2026-06-08 09:57:40,891 - INFO - ACT triggered
2026-06-08 09:57:40,891 - INFO - Submit_2 triggered
2026-06-08 09:57:40,891 - INFO - UI triggered
2026-06-08 09:59:51,321 - INFO - calculate_alternate_value_1 started
2026-06-08 09:59:51,322 - INFO - Step 1: resolving column indices
2026-06-08 09:59:51,323 - INFO - Step 2: resolving row indices
2026-06-08 09:59:51,399 - WARNING - find_fmi_row_uc(df_P_L_ROP_NE): Required label 'uc nissan' not found in first 3 columns.
2026-06-08 09:59:51,401 - WARNING - find_fmi_row_as(df_P_L_ROP_NE): Required label 'as nissan' not found in first 3 columns.
2026-06-08 09:59:51,402 - WARNING - find_fmi_row_export(df_P_L_ROP_NE): Required label 'nissan export' not found in first 3 columns.
2026-06-08 09:59:51,852 - INFO - Step 3: building formula strings
2026-06-08 10:03:28,013 - INFO - Step 4: building cell update tables
2026-06-08 10:03:28,016 - INFO - Step 5: writing output file
2026-06-08 10:04:53,149 - INFO - P&L output written \u2192 C:/Users/NE72649/Desktop/Output_folders\FY25 P&L Summary April_output_FY2026-27.xlsx  (301.8s)
2026-06-08 10:04:53,151 - INFO - Z-Audit report written \u2192 C:/Users/NE72649/Desktop/Output_folders\zero_population_audit_20260608_095951.txt  (5 zero events)
2026-06-08 10:04:53,152 - INFO - Z-Audit report \u2192 C:/Users/NE72649/Desktop/Output_folders\zero_population_audit_20260608_095951.txt
2026-06-08 10:04:53,152 - INFO - Step 6: calling ACT
2026-06-08 10:04:53,154 - INFO - ACT started
2026-06-08 10:04:53,155 - INFO - ACT Step 1: resolving column indices
2026-06-08 10:04:54,496 - INFO - ACT Step 2: OSP lookups
2026-06-08 10:04:54,501 - INFO - ACT Step 3: HFM Managerial re-read
2026-06-08 10:04:54,502 - WARNING - find_values_pandas_HFM: 'DataFrame' object has no attribute 'applymap'
2026-06-08 10:05:03,356 - INFO - HMF Managerial re-read OK
2026-06-08 10:05:03,356 - INFO - ACT Step 4: building HFM formula block
2026-06-08 10:05:05,667 - INFO - ACT Step 5: goodwill row extraction
2026-06-08 10:05:05,680 - INFO - Goodwill f1=='[C:/Users/NE72649/Desktop/Test Folder_KD/Goodwill CALCULATION FILE.xlsx]GW Budget'!C5
2026-06-08 10:05:05,681 - INFO - ACT Step 6: relief row extraction
2026-06-08 10:05:06,211 - INFO - ACT Step 7: CFMI row extraction
2026-06-08 10:05:06,213 - INFO - ACT Step 8: building formulas
2026-06-08 10:05:15,762 - INFO - ACT Step 9: writing KPI output file
2026-06-08 10:05:19,286 - INFO - ACT KPI output written \u2192 C:/Users/NE72649/Desktop/Output_folders\NEW_KPI_P&L_April_output_FY2026-27.xlsx
2026-06-08 10:05:19,287 - INFO - ACT Step 10: writing Goodwill output file
2026-06-08 10:05:19,568 - INFO - ACT Goodwill output written
2026-06-08 10:05:19,569 - INFO - ACT completed
2026-06-08 10:42:58,571 - INFO - calculate_alternate_value_1 started
2026-06-08 10:42:58,572 - INFO - Step 1: resolving column indices
2026-06-08 10:42:58,573 - INFO - Step 2: resolving row indices
2026-06-08 10:42:58,648 - WARNING - find_fmi_row_uc(df_P_L_ROP_NE): Required label 'uc nissan' not found in first 3 columns.
2026-06-08 10:42:58,650 - WARNING - find_fmi_row_as(df_P_L_ROP_NE): Required label 'as nissan' not found in first 3 columns.
2026-06-08 10:42:58,652 - WARNING - find_fmi_row_export(df_P_L_ROP_NE): Required label 'nissan export' not found in first 3 columns.
2026-06-08 10:42:59,092 - INFO - Step 3: building formula strings
2026-06-08 10:47:01,062 - INFO - Step 4: building cell update tables
2026-06-08 10:47:01,065 - INFO - Step 5: writing output file
2026-06-08 10:48:17,668 - INFO - P&L output written \u2192 C:/Users/NE72649/Desktop/Output_folders\FY25 P&L Summary April_output_FY2026-27.xlsx  (319.1s)
2026-06-08 10:48:17,671 - INFO - Z-Audit report written \u2192 C:/Users/NE72649/Desktop/Output_folders\zero_population_audit_20260608_104258.txt  (5 zero events)
2026-06-08 10:48:17,672 - INFO - Z-Audit report \u2192 C:/Users/NE72649/Desktop/Output_folders\zero_population_audit_20260608_104258.txt
2026-06-08 10:48:17,672 - INFO - Step 6: calling ACT
2026-06-08 10:48:17,672 - INFO - ACT started
2026-06-08 10:48:17,673 - INFO - ACT Step 1: resolving column indices
2026-06-08 10:48:19,031 - INFO - ACT Step 2: OSP lookups
2026-06-08 10:48:19,035 - INFO - ACT Step 3: HFM Managerial re-read
2026-06-08 10:48:19,036 - WARNING - find_values_pandas_HFM: 'DataFrame' object has no attribute 'applymap'
2026-06-08 10:48:27,614 - INFO - HMF Managerial re-read OK
2026-06-08 10:48:27,615 - INFO - ACT Step 4: building HFM formula block
2026-06-08 10:48:29,885 - INFO - ACT Step 5: goodwill row extraction
2026-06-08 10:48:29,886 - WARNING - [SKIP] File 'Goodwill generated output' not found ('C:/Users/NE72649/Desktop/Output_folders\\Goodwill_April_output_FY2026-27.xlsx') – formulas \u2192 =0
2026-06-08 10:48:29,900 - INFO - Goodwill f1=='[C:/Users/NE72649/Desktop/Test Folder_KD/Goodwill CALCULATION FILE.xlsx]GW Budget'!C5
2026-06-08 10:48:29,900 - INFO - ACT Step 6: relief row extraction
2026-06-08 10:48:30,399 - INFO - ACT Step 7: CFMI row extraction
2026-06-08 10:48:30,401 - INFO - ACT Step 8: building formulas
2026-06-08 10:48:39,637 - INFO - ACT Step 9: writing KPI output file
2026-06-08 10:48:44,004 - INFO - ACT KPI output written \u2192 C:/Users/NE72649/Desktop/Output_folders\NEW_KPI_P&L_April_output_FY2026-27.xlsx
2026-06-08 10:48:44,004 - INFO - ACT Step 10: writing Goodwill output file
2026-06-08 10:48:44,296 - INFO - ACT Goodwill output written
2026-06-08 10:48:44,297 - INFO - ACT completed
2026-06-08 10:54:57,310 - INFO - calculate_alternate_value_1 started
2026-06-08 10:54:57,311 - INFO - Step 1: resolving column indices
2026-06-08 10:54:57,312 - INFO - Step 2: resolving row indices
2026-06-08 10:54:57,384 - WARNING - find_fmi_row_uc(df_P_L_ROP_NE): Required label 'uc nissan' not found in first 3 columns.
2026-06-08 10:54:57,386 - WARNING - find_fmi_row_as(df_P_L_ROP_NE): Required label 'as nissan' not found in first 3 columns.
2026-06-08 10:54:57,387 - WARNING - find_fmi_row_export(df_P_L_ROP_NE): Required label 'nissan export' not found in first 3 columns.
2026-06-08 10:54:57,822 - INFO - Step 3: building formula strings
2026-06-08 10:58:38,025 - INFO - Step 4: building cell update tables
2026-06-08 10:58:38,027 - INFO - Step 5: writing output file
2026-06-08 11:00:02,439 - INFO - P&L output written \u2192 C:/Users/NE72649/Desktop/Output_folders\FY25 P&L Summary April_output_FY2026-27.xlsx  (305.1s)
2026-06-08 11:00:02,442 - INFO - Z-Audit report written \u2192 C:/Users/NE72649/Desktop/Output_folders\zero_population_audit_20260608_105457.txt  (5 zero events)
2026-06-08 11:00:02,443 - INFO - Z-Audit report \u2192 C:/Users/NE72649/Desktop/Output_folders\zero_population_audit_20260608_105457.txt
2026-06-08 11:00:02,444 - INFO - Step 6: calling ACT
2026-06-08 11:00:02,444 - INFO - ACT started
2026-06-08 11:00:02,445 - INFO - ACT Step 1: resolving column indices
2026-06-08 11:00:03,794 - INFO - ACT Step 2: OSP lookups
2026-06-08 11:00:03,799 - INFO - ACT Step 3: HFM Managerial re-read
2026-06-08 11:00:03,799 - WARNING - find_values_pandas_HFM: 'DataFrame' object has no attribute 'applymap'
2026-06-08 11:00:12,297 - INFO - HMF Managerial re-read OK
2026-06-08 11:00:12,297 - INFO - ACT Step 4: building HFM formula block
2026-06-08 11:00:14,734 - INFO - ACT Step 5: goodwill row extraction
2026-06-08 11:00:14,736 - WARNING - [SKIP] File 'Goodwill generated output' not found ('C:/Users/NE72649/Desktop/Output_folders\\Goodwill_April_output_FY2026-27.xlsx') – formulas \u2192 =0
2026-06-08 11:00:14,749 - INFO - Goodwill f1=='[C:/Users/NE72649/Desktop/Test Folder_KD/Goodwill CALCULATION FILE.xlsx]GW Budget'!C5
2026-06-08 11:00:14,750 - INFO - ACT Step 6: relief row extraction
2026-06-08 11:00:15,238 - INFO - ACT Step 7: CFMI row extraction
2026-06-08 11:00:15,240 - INFO - ACT Step 8: building formulas
2026-06-08 11:00:24,331 - INFO - ACT Step 9: writing KPI output file
2026-06-08 11:00:27,643 - INFO - ACT KPI output written \u2192 C:/Users/NE72649/Desktop/Output_folders\NEW_KPI_P&L_April_output_FY2026-27.xlsx
2026-06-08 11:00:27,644 - INFO - ACT Step 10: writing Goodwill output file
2026-06-08 11:00:27,931 - INFO - ACT Goodwill output written
2026-06-08 11:00:27,931 - INFO - ACT completed
2026-06-08 11:39:05,819 - INFO - ACT triggered
2026-06-08 11:39:05,819 - INFO - Submit_2 triggered
2026-06-08 11:39:05,819 - INFO - UI triggered
2026-06-08 19:12:42,089 - INFO - ACT triggered
2026-06-08 19:12:42,090 - INFO - Submit_2 triggered
2026-06-08 19:12:42,090 - INFO - UI triggered
2026-06-09 10:59:42,196 - INFO - ACT triggered
2026-06-09 10:59:42,200 - INFO - Submit_2 triggered
2026-06-09 10:59:42,201 - INFO - UI triggered
2026-06-09 11:01:49,549 - INFO - calculate_alternate_value_1 started
2026-06-09 11:01:49,552 - INFO - Step 1: resolving column indices
2026-06-09 11:01:49,553 - INFO - Step 2: resolving row indices
2026-06-09 11:01:49,632 - WARNING - find_fmi_row_uc(df_P_L_ROP_NE): Required label 'uc nissan' not found in first 3 columns.
2026-06-09 11:01:49,634 - WARNING - find_fmi_row_as(df_P_L_ROP_NE): Required label 'as nissan' not found in first 3 columns.
2026-06-09 11:01:49,636 - WARNING - find_fmi_row_export(df_P_L_ROP_NE): Required label 'nissan export' not found in first 3 columns.
2026-06-09 11:01:50,143 - INFO - Step 3: building formula strings
2026-06-09 11:05:37,298 - INFO - Step 4: building cell update tables
2026-06-09 11:05:37,302 - INFO - Step 5: writing output file
2026-06-09 11:06:56,176 - INFO - P&L output written \u2192 C:/Users/NE72649/OneDrive - Nissan Motor Corporation/Desktop/Output_folder\FY25 P&L Summary April_output_FY2026-27.xlsx  (306.6s)
2026-06-09 11:06:56,183 - INFO - Z-Audit report written \u2192 C:/Users/NE72649/OneDrive - Nissan Motor Corporation/Desktop/Output_folder\zero_population_audit_20260609_110149.txt  (5 zero events)
2026-06-09 11:06:56,183 - INFO - Z-Audit report \u2192 C:/Users/NE72649/OneDrive - Nissan Motor Corporation/Desktop/Output_folder\zero_population_audit_20260609_110149.txt
2026-06-09 11:06:56,184 - INFO - Step 6: calling ACT
2026-06-09 11:06:56,184 - INFO - ACT started
2026-06-09 11:06:56,186 - INFO - ACT Step 1: resolving column indices
2026-06-09 11:06:57,533 - INFO - ACT Step 2: OSP lookups
2026-06-09 11:06:57,538 - INFO - ACT Step 3: HFM Managerial re-read
2026-06-09 11:06:57,539 - WARNING - find_values_pandas_HFM: 'DataFrame' object has no attribute 'applymap'
2026-06-09 11:07:05,834 - INFO - HMF Managerial re-read OK
2026-06-09 11:07:05,835 - INFO - ACT Step 4: building HFM formula block
2026-06-09 11:07:08,277 - INFO - ACT Step 5: goodwill row extraction
2026-06-09 11:07:08,278 - WARNING - [SKIP] File 'Goodwill generated output' not found ('C:/Users/NE72649/OneDrive - Nissan Motor Corporation/Desktop/Output_folder\\Goodwill_April_output_FY2026-27.xlsx') – formulas \u2192 =0
2026-06-09 11:07:08,292 - INFO - Goodwill f1=='[C:/Users/NE72649/OneDrive - Nissan Motor Corporation/Desktop/Test Folder_KD/Goodwill CALCULATION FILE.xlsx]GW Budget'!C5
2026-06-09 11:07:08,292 - INFO - ACT Step 6: relief row extraction
2026-06-09 11:07:08,794 - INFO - ACT Step 7: CFMI row extraction
2026-06-09 11:07:08,796 - INFO - ACT Step 8: building formulas
2026-06-09 11:07:18,362 - INFO - ACT Step 9: writing KPI output file
2026-06-09 11:07:21,737 - INFO - ACT KPI output written \u2192 C:/Users/NE72649/OneDrive - Nissan Motor Corporation/Desktop/Output_folder\NEW_KPI_P&L_April_output_FY2026-27.xlsx
2026-06-09 11:07:21,738 - INFO - ACT Step 10: writing Goodwill output file
2026-06-09 11:07:22,048 - INFO - ACT Goodwill output written
2026-06-09 11:07:22,049 - INFO - ACT completed
2026-06-09 12:59:44,645 - INFO - ACT triggered
2026-06-09 12:59:44,646 - INFO - Submit_2 triggered
2026-06-09 12:59:44,646 - INFO - UI triggered
